"last_name, first_name",player_id,year,p_formatted_ip,pa,hit,home_run,strikeout,k_percent,bb_percent,batting_avg,slg_percent,on_base_percent,on_base_plus_slg,p_earned_run,p_run,p_out,p_win,p_loss,p_era,p_lob,p_rbi,p_ab_scoring,p_called_strike,p_swinging_strike,p_total_ball,p_total_strike,p_total_swinging_strike,p_inh_runner,xba,xslg,woba,xwoba,xobp,sweet_spot_percent,barrel_batted_rate,solidcontact_percent,hard_hit_percent,avg_best_speed,avg_hyper_speed,whiff_percent,swing_percent,n_ff_formatted,ff_avg_speed,ff_avg_spin,ff_avg_break_x,ff_avg_break_z,ff_range_speed,n_sl_formatted,sl_avg_speed,sl_avg_spin,sl_avg_break_x,sl_avg_break_z,n_ch_formatted,ch_avg_speed,ch_avg_spin,ch_avg_break_x,ch_avg_break_z,n_cu_formatted,cu_avg_speed,cu_avg_spin,cu_avg_break_x,cu_avg_break_z,n_si_formatted,si_avg_speed,si_avg_spin,si_avg_break_x,si_avg_break_z,n_fc_formatted,fc_avg_speed,fc_avg_spin,fc_avg_break_x,fc_avg_break_z,n_fs_formatted,fs_avg_speed,fs_avg_spin,fs_avg_break_x,fs_avg_break_z,n_kn_formatted,kn_avg_speed,kn_avg_spin,kn_avg_break_x,kn_avg_break_z,st_avg_speed,st_avg_spin,st_avg_break_x,st_avg_break_z
"Parker, Mitchell",680730,2025,164.2,725,178,25,103,14.2,8,0.273,0.466,0.331,0.797,104,116,494,9,16,5.68,113,104,153,397,232,922,1783,254,4,0.301,0.492,0.342,0.367,0.358,37.5,9.6,9.1,50,82.50265848,95.8351606,19.6,51.2,55.5,93,2168,5.8,-13.8,1.3,11.9,85,2267,-4.7,-35.2,,,,,,22,81.1,2280,-0.7,-48.3,,,,,,,,,,,10.6,85.4,975,6.8,-28.5,,,,,,,,,
"Hendricks, Kyle",543294,2025,164.2,695,167,25,114,16.4,6.2,0.262,0.447,0.311,0.758,87,92,494,8,10,4.76,113,78,125,480,204,858,1715,207,0,0.249,0.404,0.324,0.309,0.303,32.6,8.3,4.9,34.3,73.6732503,93.31089279,18.3,48,15.2,86.5,2049,-5.8,-22.4,1.1,,,,,,38.4,79.5,2077,-10.9,-34.8,8.2,72.2,2823,15.7,-63.3,38.2,86.2,1982,-13.9,-29.6,,,,,,,,,,,,,,,,,,,
"Lugo, Seth",607625,2024,206.2,836,177,16,181,21.7,5.7,0.229,0.353,0.281,0.634,69,75,620,16,9,3,151,61,151,581,275,1079,2033,295,0,0.243,0.389,0.278,0.3,0.295,32.8,8,6.2,39,77.29927895,93.99401736,22.5,46.7,24,92.2,2368,-6.7,-16.6,1.6,9.3,86.7,2652,4.3,-31.7,6.7,87.3,1854,-15.3,-31.5,16.1,79.8,3284,14.6,-58,18.5,92.1,2410,-15.3,-23.7,8.5,90,2438,0.4,-21.8,2.8,85.9,1431,-10.6,-32.4,,,,,,82.1,2843,13.5,-37.9
"Arrighetti, Spencer",681293,2024,145,632,139,21,171,27.1,10.3,0.25,0.424,0.334,0.758,73,80,435,7,13,4.53,111,68,111,430,290,893,1612,307,0,0.23,0.385,0.332,0.312,0.317,38.3,7.7,8.2,39.8,77.93434862,94.12462185,27.7,47.2,40.6,94.1,2306,-11.8,-15.7,1.3,0.1,82.9,2562,6.2,-30.5,8.6,85.5,1675,-15,-32.6,19.9,78.4,2811,14.6,-53.6,0.4,94.1,2298,-15.7,-18.9,19.6,88.1,2498,3.2,-27,,,,,,,,,,,80.8,2800,14.7,-40.5
"Woo, Bryan",693433,2025,186.2,731,137,26,198,27.1,4.9,0.2,0.353,0.243,0.596,61,64,560,15,7,2.94,108,59,118,392,334,877,1837,337,0,0.217,0.365,0.259,0.273,0.26,32.5,9.1,6.3,41.8,77.56713498,94.55663257,26.2,53.2,47.3,95.7,2296,-9.7,-15.1,1.1,10.1,88.5,2226,2.9,-29.8,7.1,89.6,1827,-16.2,-29.6,,,,,,25.6,95.4,2303,-16.6,-24.1,,,,,,,,,,,,,,,,85.1,2485,10.6,-34
"Rodriguez, Eduardo",593958,2025,154.1,694,178,25,143,20.6,8.6,0.286,0.475,0.347,0.822,86,94,463,9,9,5.02,127,85,153,404,243,965,1624,247,0,0.262,0.423,0.353,0.327,0.327,35.8,8.2,7,35.2,76.81473429,93.89672766,23,47.1,45.5,92,2304,5.5,-17.2,1.2,5,84.1,2177,-3.9,-36.7,20.4,85.9,1933,15.9,-31,3.6,78.6,2357,-5.9,-51.5,9.7,91.5,2286,12,-20.4,15.7,89.3,2266,-1,-24.6,,,,,,,,,,,,,,
"Alcantara, Sandy",645261,2025,174.2,745,165,22,142,19.1,7.7,0.247,0.404,0.31,0.714,104,107,524,11,12,5.36,116,104,170,475,265,984,1907,270,0,0.265,0.427,0.311,0.331,0.329,33,8.6,5.6,45,80.16251258,95.03804734,20.9,49.5,17.5,97.7,2287,-14.1,-15.9,1.4,15.8,89.4,2353,0.9,-29.4,23.2,90.4,2088,-17.5,-28.8,18,85.3,2442,2.7,-39,25.5,97.2,2322,-17.4,-20.7,,,,,,,,,,,,,,,,,,,
"Glasnow, Tyler",607192,2024,134,522,92,15,168,32.2,6.7,0.19,0.347,0.244,0.591,52,53,402,9,6,3.49,77,48,96,335,242,702,1309,277,0,0.195,0.324,0.258,0.254,0.249,32.5,8.5,5,40.1,78.13629815,94.13942642,30.9,48.4,45.2,96.3,2556,-0.3,-13.1,1.2,27.7,90,2714,2.5,-33.1,,,,,,18.6,83.7,2748,3.3,-51.1,8.5,96.5,2509,-10.7,-14.9,,,,,,,,,,,,,,,,,,,
"Peralta, Freddy",642547,2024,173.2,725,143,26,200,27.6,9.4,0.224,0.387,0.307,0.694,71,74,521,11,9,3.68,130,66,121,427,391,1200,1866,403,0,0.224,0.377,0.305,0.305,0.308,35.3,8.7,7.6,36.9,75.95026724,93.64080975,31.1,46.9,53.8,94.3,2436,-6.8,-14.2,1.9,21.6,81.5,2345,7.6,-39.1,17.5,87.7,1731,-15.5,-31.3,7.1,78.1,2204,4.6,-49.7,0.1,95.3,2554,-5,-13.6,,,,,,,,,,,,,,,,,,,
"Giolito, Lucas",608337,2025,145,613,131,17,121,19.7,9.1,0.239,0.377,0.309,0.686,55,62,435,10,4,3.41,116,53,114,388,230,861,1507,235,0,0.268,0.458,0.301,0.345,0.336,38.3,9,7.4,41.1,79.59926968,94.77728954,22.9,47.3,48.4,93.3,2231,-6.8,-13.5,1.3,25.6,86,1966,2.4,-32.2,22.6,81.7,1673,-13.2,-28.4,3.5,78.6,2471,5.9,-60.2,,,,,,,,,,,,,,,,,,,,,,,,
"Gilbert, Logan",669302,2025,131,535,104,20,173,32.3,5.8,0.211,0.377,0.266,0.643,50,53,393,6,6,3.44,81,47,104,328,303,727,1429,336,0,0.207,0.359,0.28,0.273,0.264,32.1,8.6,5.6,41.7,81.14405739,94.674261,32.9,51.1,36.1,95.4,2115,-8.4,-13.6,1.2,35.3,87.5,1820,0.7,-35.2,,,,,,7.5,82.1,2183,12.9,-43.9,1.5,95.5,2162,-14.2,-16.2,,,,,,19.6,81.7,727,-4.8,-42.1,,,,,,,,,
"Cannon, Jonathan",686563,2024,124.1,522,125,18,91,17.4,7.7,0.263,0.44,0.324,0.764,62,65,373,5,10,4.49,91,57,82,320,183,753,1275,185,0,0.258,0.412,0.332,0.323,0.321,38.3,7.3,6.5,36.3,78.71918891,93.82391133,21.8,47.1,12.3,94.3,2195,-9.1,-16.8,1.4,,,,,,18.7,85.7,1710,-13.9,-36.7,,,,,,28,93.3,2084,-15.4,-26.8,19.2,90.2,2300,-1.7,-25.4,,,,,,,,,,,81.9,2594,12.5,-38.2
"Mize, Casey",663554,2025,149,627,153,21,139,22.2,5.7,0.263,0.437,0.307,0.744,64,68,447,14,6,3.87,102,64,122,383,247,803,1550,255,0,0.237,0.4,0.319,0.295,0.283,36.1,9.1,6.7,42.5,79.39468978,94.59071306,24.1,49.6,34,94.6,2251,-8.1,-13.5,1.5,15.3,88.5,2190,2.3,-29.9,,,,,,,,,,,12.2,94.7,2215,-14.1,-17,,,,,,24.2,88.6,1445,-14.4,-30.5,,,,,,83.5,2112,12.1,-34.4
"Sugano, Tomoyuki",608372,2025,157,675,173,33,106,15.7,5.3,0.276,0.478,0.321,0.799,81,85,471,10,10,4.64,109,80,124,415,191,945,1620,203,0,0.294,0.52,0.342,0.368,0.339,38.5,11.8,5.3,39.8,79.55756415,94.37679225,18.5,47,19.1,92.7,2391,-5.8,-15.2,1.3,,,,,,,,,,,9.7,78.2,2674,9.1,-57.1,15.9,92.9,2281,-14.2,-19.8,12,88.2,2471,1.6,-29.4,23.5,87.3,1590,-11.8,-30.2,,,,,,83.6,2599,11.2,-36.8
"Imanaga, Shota",684007,2025,144.2,567,117,31,117,20.6,4.6,0.218,0.432,0.254,0.686,60,62,434,9,8,3.73,74,58,63,301,255,704,1472,260,0,0.237,0.458,0.293,0.312,0.273,34.3,11.6,9.2,43.5,80.55181529,94.86901651,24.6,53.8,48.7,90.8,2482,11.9,-15.5,1.1,0.4,81.4,2579,-2,-35.6,,,,,,1.6,71.6,2495,-10.6,-66.8,1.3,88.2,1781,14.7,-25.9,,,,,,31.4,83,1277,13,-33.1,,,,,,80.4,2533,-11.9,-40.7
"Pfaadt, Brandon",694297,2024,181.2,760,183,24,185,24.3,5.5,0.259,0.421,0.302,0.723,95,103,545,11,10,4.71,114,94,150,492,315,925,1868,318,0,0.246,0.397,0.312,0.301,0.291,33,8.1,4.7,39.4,78.68491487,94.22494248,25.4,49.3,33.3,93.8,2557,-5.6,-16.1,1.3,,,,,,11.3,87.5,2074,-15.5,-32,5.3,80.8,2599,12.8,-50.1,22.2,93.7,2398,-15.1,-24.6,,,,,,0.6,89.6,1641,-4.1,-25.7,,,,,,84.8,2838,11.3,-31.5
"Peterson, David",656849,2025,168.2,723,166,11,150,20.7,9,0.258,0.37,0.331,0.701,79,84,506,9,6,4.22,127,76,147,472,257,965,1734,281,0,0.273,0.4,0.311,0.331,0.347,34.4,6.4,6.6,46,79.61366252,95.237706,24,46.8,22.6,92.2,2132,4.7,-18.7,1.4,19.1,84.6,2314,-2.5,-38.2,15.3,84.6,1567,14.6,-33.8,13.7,78.7,2361,-6.5,-52.6,29.2,91.3,2123,14.7,-25.3,,,,,,,,,,,,,,,,,,,
"Suárez, Albert",544150,2024,133.2,565,130,17,108,19.1,7.6,0.255,0.425,0.314,0.739,55,56,401,9,7,3.7,109,53,121,268,238,840,1394,243,4,0.243,0.406,0.32,0.311,0.305,38,7.1,7.8,38.4,78.43772292,93.66416911,24.6,50.4,50,94.8,2385,-7,-14.1,1.2,,,,,,17.2,86.1,2017,-16.3,-29.1,13.1,79,2359,5.7,-50.8,,,,,,19.5,86.3,2198,2.6,-28.6,,,,,,,,,,,,,,
"Quintana, Jose",500779,2025,131.2,556,120,18,89,16,9,0.241,0.382,0.315,0.697,58,65,395,11,7,3.96,94,61,97,389,142,845,1329,150,0,0.273,0.451,0.308,0.348,0.345,35,9.7,6.8,41.7,77.28431517,94.32360435,18.4,43.2,11.7,90.4,2095,4.5,-17.5,1.1,,,,,,22.1,85.6,1354,14.7,-33.8,14.5,78.2,2178,-6,-50.7,44,90.5,2094,13.8,-21.5,,,,,,,,,,,,,,,,,,,
"Bibee, Tanner",676440,2025,182.1,762,170,27,162,21.3,7.1,0.246,0.412,0.308,0.72,86,93,547,12,11,4.24,126,85,125,528,281,1066,1904,296,0,0.23,0.382,0.313,0.298,0.295,29.5,8,6,36.6,77.49746352,93.88460744,23.8,46.3,27.3,94.4,2243,-5.5,-16.1,1.3,,,,,,15.2,81.8,1965,-12,-29.5,5.1,79.7,2666,10.4,-51.8,15.7,94.1,2226,-14,-21.3,20.9,86.2,2705,8,-33.6,,,,,,,,,,,83,2675,16,-42
"Steele, Justin",657006,2024,134.2,555,111,12,135,24.3,6.7,0.219,0.336,0.276,0.612,46,54,404,5,5,3.07,87,47,99,351,210,641,1405,219,0,0.212,0.304,0.271,0.258,0.271,30.9,4.2,4.7,33.2,75.73132658,93.08331992,23.7,51.5,59.7,91.6,2419,0.3,-19.2,1.5,29.7,83.3,2718,-12.3,-38.7,3.2,86.2,1625,12.3,-28.9,2.2,79.9,2726,-10.7,-51,5.2,91.5,2387,12.4,-22.9,,,,,,,,,,,,,,,,,,,
"Pallante, Andre",669467,2025,162.2,715,173,21,111,15.5,8.7,0.27,0.431,0.337,0.768,96,109,488,6,15,5.31,121,95,187,407,230,1064,1656,261,0,0.262,0.401,0.334,0.322,0.331,28.7,6.5,4.9,39.9,77.92868763,94.45879468,22.3,45.9,44,94.5,2303,-0.3,-20.5,1.3,28.6,87.4,2405,4.7,-36.4,,,,,,14,78.2,2804,3.7,-61.2,13.2,95,2202,-10.3,-16.4,,,,,,,,,,,,,,,,85,2527,12,-41.1
"Crawford, Kutter",676710,2024,183.2,759,155,34,175,23.1,6.7,0.223,0.419,0.284,0.703,89,97,551,9,16,4.36,102,81,116,443,325,911,1912,342,0,0.224,0.412,0.304,0.304,0.285,33.4,9.9,5.9,36.3,77.71061707,93.64627936,25.3,52,33.7,92.6,2505,-7.6,-12.4,1.1,,,,,,,,,,,7.2,77.3,2198,7.9,-59.8,,,,,,32.1,87.5,2493,5.1,-26.9,8.6,82.4,1102,-7.1,-31.7,,,,,,80.8,2271,12.8,-40.3
"Waldron, Matt",663362,2024,146.2,625,145,21,133,21.3,6.4,0.255,0.43,0.315,0.745,80,84,440,7,11,4.91,102,74,133,459,210,880,1570,213,1,0.246,0.405,0.323,0.313,0.308,33.9,7,6.4,35,77.17745051,93.58547759,20.8,45.3,18.7,90.7,2063,-9.1,-19,1.4,,,,,,,,,,,,,,,,14.6,90,1972,-15.6,-25.8,8.7,87.1,2194,0.8,-26.3,,,,,,38.2,77.6,244,-5.6,-49.6,79.3,2188,13.3,-39
"Lorenzen, Michael",547179,2025,141.2,606,149,25,127,21,6.4,0.268,0.47,0.32,0.79,73,76,425,7,11,4.64,99,69,116,362,227,842,1476,240,0,0.263,0.446,0.339,0.332,0.317,36.6,8.8,6,39.2,78.77073139,94.0562059,23.4,48.1,21.9,93.9,2339,-11.4,-16.1,1.4,12.3,85.1,2578,2.9,-37.8,17.3,83.7,1982,-15.3,-30.3,11.3,82.2,2530,2.3,-52.7,18.2,93,2198,-16.6,-23.6,10.9,90.2,2519,-1.1,-25.2,,,,,,,,,,,82.3,2557,12.6,-41.5
"Soriano, José",667755,2025,169,724,158,12,152,21,10.8,0.249,0.353,0.335,0.688,80,89,507,10,11,4.26,137,74,144,460,284,1078,1706,315,0,0.246,0.364,0.309,0.313,0.334,26.8,7.2,5.1,48.2,79.97423925,95.94638515,27,44.8,8.6,97.9,2225,-8.5,-15.3,1.2,6.1,89.1,2428,2,-34.6,0.4,86.9,1221,-5.8,-37.1,26.6,85.2,2489,12.5,-47.9,49.1,97.2,1922,-13.3,-25.8,,,,,,9.2,92.3,1479,-10.3,-32.5,,,,,,,,,
"Pepiot, Ryan",686752,2025,167.2,679,134,26,167,24.6,9,0.221,0.404,0.297,0.701,72,77,503,11,12,3.86,106,71,125,385,303,962,1737,316,0,0.227,0.387,0.306,0.307,0.305,36.6,9.7,8.1,42.5,79.1526625,94.907501,26,50.1,45.1,95.2,2413,-7.8,-11.2,1.2,17.2,89,2591,6.8,-25.5,25,86.8,2506,-14.4,-34.1,3.3,80.8,2947,16.2,-53.5,2.4,94.9,2391,-13.3,-15.1,7,91.5,2516,2.8,-18.6,,,,,,,,,,,,,,
"Gilbert, Logan",669302,2024,208.2,803,148,26,220,27.4,4.6,0.196,0.353,0.236,0.589,75,83,626,9,12,3.23,96,75,122,463,398,1047,1995,453,0,0.224,0.369,0.255,0.276,0.263,33,7.2,5.7,39.3,78.97606713,94.3861328,31.7,50.4,30.8,96.6,2034,-7,-13.1,1.4,32,88.4,1908,1,-35.2,,,,,,11.8,83.2,2278,13.5,-43.6,1.5,95.6,1957,-15,-19.5,10.6,92.3,2245,3,-20.2,13.4,84.5,640,-5.9,-38,,,,,,,,,
"Kelly, Merrill",518876,2025,184,748,157,23,167,22.3,6.4,0.226,0.384,0.277,0.661,72,79,552,12,9,3.52,107,73,127,465,288,972,1861,301,0,0.253,0.423,0.288,0.316,0.303,32.4,9.2,7.3,43.5,79.11616336,94.90859422,24.1,49.3,22.9,91.8,2368,-9.5,-17.8,1.5,7,85.8,2367,2.1,-33.7,26.5,88.3,2157,-15.1,-35.1,9.7,81.7,2616,8.4,-51.1,13.4,92.2,2227,-16.6,-26.5,20.5,90.6,2367,-3,-21.3,,,,,,,,,,,,,,
"Martinez, Nick",607259,2025,165.2,683,158,22,116,17,6.1,0.254,0.435,0.304,0.739,82,86,497,11,14,4.45,103,75,118,455,210,908,1670,218,3,0.258,0.399,0.317,0.309,0.309,37,6.9,5,34.5,78.23181311,93.26737575,19.9,47.1,20.8,92.6,2316,-5.4,-14.2,1.1,10.2,84.9,2433,0.6,-36,19.8,78.5,2010,-11.2,-39.4,11,79.8,2586,2,-59.8,17.1,92.5,2293,-13.1,-17.8,21.2,89.1,2365,1.9,-22.9,,,,,,,,,,,,,,
"Civale, Aaron",650644,2024,161,689,158,29,149,21.6,7.5,0.252,0.44,0.314,0.754,78,82,483,8,9,4.36,118,70,101,509,229,969,1730,240,0,0.242,0.392,0.327,0.309,0.307,36.5,7.3,9.8,39.4,79.15200724,94.00241371,21.9,45.2,9.7,92,2389,-5,-14,1.1,1.5,83.4,2789,7.1,-40.6,,,,,,15.7,77.1,3124,13,-63.8,24.2,92.6,2242,-13.8,-19.2,32.2,88.1,2608,3.8,-27.5,2,85.6,1973,-16.1,-28.9,,,,,,80.2,2997,17.3,-45.1
"Irvin, Jake",663623,2024,187.2,769,173,29,156,20.3,6.8,0.244,0.428,0.299,0.727,92,97,563,10,14,4.41,122,91,145,509,285,1061,1985,291,0,0.252,0.429,0.314,0.32,0.307,33,9.2,7.4,39.1,77.53767527,94.34142227,22.3,48.5,37.7,93.9,2377,-10.1,-16.6,1.4,0.3,85.9,2579,6.3,-34,3.4,88.4,2225,-16,-30.4,31.3,81.1,2534,12,-44.4,20.7,93.3,2299,-16.5,-24.7,6.6,89.9,2551,-0.5,-26.1,,,,,,,,,,,,,,
"Houck, Tanner",656557,2024,178.2,743,156,11,154,20.7,6.5,0.231,0.32,0.296,0.616,62,75,536,9,10,3.12,135,61,150,528,261,926,1809,268,0,0.257,0.384,0.276,0.312,0.321,30.2,5.7,6.1,41.8,78.48931239,94.43070397,22.6,46.8,0.1,95.1,2274,-12.9,-23.5,1.5,,,,,,,,,,,,,,,,32.1,93.5,2191,-16,-30.9,1.5,87.1,2347,0.5,-35.2,24.9,88.4,1836,-13.5,-37.9,,,,,,83.2,2534,16.7,-41.7
"Spence, Mitch",687765,2024,151.1,651,165,20,126,19.4,6.8,0.276,0.455,0.331,0.786,77,79,454,8,10,4.58,109,71,142,343,236,882,1599,260,1,0.251,0.408,0.34,0.314,0.308,30.9,8.4,5.1,41.7,78.96046477,94.18502114,22.5,50.6,,,,,,,32.7,84.3,2761,14.8,-39.4,1.1,88.4,1449,-8.9,-31.4,12.1,80.4,2805,11.3,-56,14.6,91.9,1729,-8.2,-27.4,39.6,90.7,2590,3.8,-27.4,,,,,,,,,,,,,,
"Heaney, Andrew",571760,2024,160,693,159,23,159,22.9,5.9,0.251,0.41,0.307,0.717,76,84,480,5,14,4.28,121,71,121,416,320,941,1790,330,0,0.253,0.434,0.312,0.325,0.312,37.4,8.3,7.9,40.1,78.99058224,94.38834762,26.3,50.3,51.2,91.6,2401,15.7,-19.2,1.2,27.2,82.6,2509,-2.2,-39,16.9,83.7,2105,17.4,-33.7,3.6,75.5,2536,-9.2,-54.9,0.3,92.2,2443,19.5,-28,0.2,84.7,2373,5.1,-33,,,,,,,,,,,,,,
"Bello, Brayan",678394,2024,162.1,702,157,19,153,21.8,9.1,0.252,0.394,0.33,0.724,81,84,487,14,8,4.49,123,74,145,454,304,1000,1710,309,0,0.256,0.4,0.319,0.328,0.336,34.2,7.4,5.5,41.1,76.38463098,94.52406767,25.9,46.3,4.7,95.7,2192,-8.9,-17.2,1.3,0.3,88.1,2276,-0.1,-38.2,26.9,87.6,1810,-16.1,-32.5,,,,,,40.3,95.7,2046,-17.2,-26,,,,,,,,,,,,,,,,86.8,2364,7.9,-36.8
"Castillo, Luis",622491,2025,180.2,745,168,23,162,21.7,6.2,0.244,0.402,0.297,0.699,71,76,542,11,8,3.54,134,72,158,407,337,1040,1948,341,0,0.248,0.411,0.304,0.313,0.302,32.1,10.4,7,46.4,79.24964852,95.08994015,24.6,51.6,46.4,95,2211,-13,-18.1,1.1,20.4,84.5,2249,1,-38.5,11.4,87.2,1970,-17.7,-36.6,,,,,,21.9,94.8,2035,-18.6,-26.9,,,,,,,,,,,,,,,,,,,
"Kirby, George",669923,2025,126,524,121,15,137,26.1,5.5,0.252,0.392,0.3,0.692,59,60,378,10,8,4.21,92,60,97,337,233,726,1360,247,0,0.252,0.391,0.3,0.305,0.303,35.3,8.5,6,43.9,80.56301471,94.70468713,26.7,49,29,96.2,2283,-10.1,-16.2,1.1,27.4,87.2,2369,10.7,-39.3,2.2,87.8,1423,-15.5,-29.6,12.1,84.4,2377,9.5,-51.4,26.7,96.2,2256,-16.7,-20.7,,,,,,2.7,86,918,-11.5,-35.4,,,,,,,,,
"Skenes, Paul",694973,2025,187.2,733,136,11,216,29.5,5.7,0.199,0.307,0.251,0.558,41,45,563,10,10,1.97,135,41,127,464,399,1045,1952,414,0,0.203,0.313,0.247,0.253,0.256,29.4,5.8,5.1,40.1,75.47852,93.88470856,30.1,49.6,39.6,98.2,2256,-14,-16.9,1,5.7,85.3,2318,3.3,-30.3,10.9,88.7,1808,-16.6,-29.6,4.7,83.9,2439,6.2,-41.5,9.6,97.6,2269,-17.6,-22.6,,,,,,13.6,93.7,1678,-13.4,-31.1,,,,,,84.4,2333,11.4,-32.8
"Luzardo, Jesús",666200,2025,183.2,758,167,16,216,28.5,7.5,0.24,0.356,0.299,0.655,80,85,551,15,7,3.92,122,72,133,515,383,1058,1955,408,0,0.23,0.349,0.29,0.284,0.291,34.2,6.6,6.4,37.1,77.48993899,93.77929743,30.8,47.8,34.1,96.5,2238,12.1,-15.6,1.3,7.7,86.5,2384,-0.1,-36,17.3,87.9,1929,16.5,-28.3,,,,,,10,95.8,2233,17.1,-21.9,,,,,,,,,,,,,,,,86.1,2282,-9,-37.2
"Burke, Sean",680732,2025,134.1,596,131,23,133,22.3,10.6,0.251,0.444,0.337,0.781,63,76,403,4,11,4.22,114,65,121,366,242,896,1480,252,2,0.251,0.452,0.34,0.343,0.337,39.4,10.4,7.9,42.7,78.28371005,94.73809907,25.1,46.9,42.8,94.4,2559,-4.9,-12.4,1.8,21.9,86.6,2507,5.4,-31.5,6.5,85.7,1822,-14.8,-28.5,23.7,79.7,2547,5.9,-58.4,5.1,94,2405,-13.1,-15.9,,,,,,,,,,,,,,,,,,,
"Valdez, Framber",664285,2024,176.1,703,140,13,169,24,7.8,0.221,0.323,0.287,0.61,57,60,529,15,7,2.91,125,55,124,477,263,953,1645,299,0,0.233,0.339,0.272,0.287,0.301,26,5.3,5.1,45,80.00072636,94.62055766,27.2,45,0.7,94.8,2160,9.8,-24.6,1.5,4.3,85.1,2564,-3,-39.6,17.5,89.9,1677,14.8,-33.2,31.3,79.7,2905,-11.1,-58.3,46.2,94.1,2153,16.5,-24.8,,,,,,,,,,,,,,,,,,,
"Heaney, Andrew",571760,2025,122.1,536,129,25,86,16,7.5,0.269,0.501,0.335,0.836,75,77,367,5,10,5.52,84,73,93,340,165,754,1328,174,1,0.286,0.486,0.357,0.362,0.351,37.7,10.2,5.7,43.6,79.26475015,94.94738947,19.9,47.5,43.6,90.1,2375,15.9,-21.3,1.1,16.4,80.5,2474,-3.1,-42.7,17.3,82,2107,17,-36,11.4,75.3,2558,-9.8,-53.7,11.3,89.2,2364,18.5,-31.5,,,,,,,,,,,,,,,,,,,
"Yamamoto, Yoshinobu",808967,2025,173.2,684,113,14,201,29.4,8.6,0.183,0.283,0.257,0.54,48,53,521,12,8,2.49,110,49,113,484,327,1002,1787,355,0,0.2,0.299,0.244,0.258,0.273,28.3,5.7,6.4,39.7,76.23850918,94.22062644,28.9,46.7,35.6,95.4,2200,-7,-14.1,1.2,2.8,86.4,2782,5.8,-35.7,,,,,,17.6,76.8,2761,12,-63.1,7.5,94.8,2235,-13.6,-18.5,11,91.1,2438,3.5,-24.9,25.4,90.9,1427,-11.3,-31.1,,,,,,84.2,2981,14.9,-47.6
"Fedde, Erick",607200,2025,141,623,147,19,83,13.3,10.8,0.269,0.44,0.351,0.791,86,90,423,4,13,5.49,106,84,138,385,173,926,1443,175,1,0.277,0.446,0.344,0.352,0.358,35.3,7.9,7.7,42.6,80.19898576,94.36629134,18,44.7,,,,,,,,,,,,11.9,87.6,1808,-12.2,-33,,,,,,34.1,93.2,1975,-11.7,-22.1,28,90.3,2138,1.2,-24.2,,,,,,,,,,,82.6,2437,12.8,-35.9
"Kikuchi, Yusei",579328,2025,178.1,772,180,24,174,22.5,9.6,0.261,0.419,0.333,0.752,79,87,535,7,11,3.99,146,78,140,480,305,1120,1974,322,0,0.253,0.419,0.327,0.326,0.327,34.2,9.4,6.3,42.2,80.67926981,95.00756447,23.6,48.3,34.9,94.8,2185,9.4,-15.2,1.3,36.2,87,2295,-2.9,-32.4,12.1,85.6,1541,13.6,-30.7,15.4,79.9,2526,-6.9,-48.7,1.2,92.7,2157,14.9,-22.8,,,,,,,,,,,,,,,,80.8,2389,-13.9,-39.7
"Feltner, Ryan",663372,2024,162.1,692,165,20,138,19.9,7.5,0.263,0.408,0.324,0.732,81,94,487,3,10,4.49,118,79,141,419,262,918,1660,271,0,0.255,0.411,0.32,0.32,0.318,33.1,6.5,7.5,36.8,76.69504886,93.8033453,23.9,48.1,36,94.6,2354,-5.3,-16.9,1.4,20.5,88.6,2461,4.1,-29.5,14.7,85.2,1590,-5.5,-32.3,10.1,79.2,2662,9.4,-51.8,13.7,94.2,2264,-12.7,-22.3,,,,,,,,,,,,,,,,82.7,2453,11.7,-38.1
"Elder, Bryce",693821,2025,156.1,679,167,24,131,19.3,7.5,0.271,0.446,0.331,0.777,92,95,469,8,11,5.3,108,88,134,413,221,936,1578,237,0,0.267,0.437,0.336,0.332,0.328,34,7.7,7.3,43.8,78.82004177,94.9880581,22.5,46.3,12.3,92.8,2226,-3.6,-16.4,1.3,35.1,84.3,2491,1.9,-38.7,10.5,86.6,2175,-11.8,-31.7,,,,,,42.1,91.5,2093,-14.4,-24.6,,,,,,,,,,,,,,,,,,,
"Martinez, Nick",607259,2024,142.1,570,128,13,116,20.4,3.2,0.237,0.377,0.267,0.644,49,56,427,10,7,3.1,92,58,126,349,216,690,1435,230,10,0.242,0.364,0.279,0.277,0.272,34,5.1,4,30.5,74.85049693,92.97895951,23.1,51.1,22.5,92.6,2342,-4.7,-14,1,6.1,84.9,2428,1.2,-35.1,21.6,80.1,2105,-12.6,-35.8,11.9,80.8,2595,-0.1,-55.7,17.3,92,2310,-12.9,-17.8,20.5,89.1,2374,2,-22.4,,,,,,,,,,,,,,
"Jones, Jared",683003,2024,121.2,504,106,18,132,26.2,7.7,0.232,0.432,0.298,0.73,56,60,365,6,8,4.14,83,53,90,289,262,636,1276,273,0,0.233,0.404,0.314,0.311,0.302,36.9,9.8,6.7,44.5,79.01991037,94.53412869,30.2,51.6,49.2,97.3,2537,-8.4,-11.8,1.7,34.9,88.8,2584,3.8,-32,6.5,89.9,1733,-11.9,-28.1,9.3,81.5,2686,6.3,-52,0.1,97.8,1602,-9.3,-12.6,,,,,,,,,,,,,,,,,,,
"Ober, Bailey",641927,2024,178.2,709,136,27,191,26.9,6.1,0.208,0.391,0.261,0.652,79,81,536,12,9,3.98,95,76,90,409,368,875,1821,383,0,0.209,0.371,0.282,0.279,0.264,34.8,8.3,7.5,34.3,76.69915446,93.27007815,29,52.4,38.1,91.7,2303,-7.9,-15.7,1,19.4,86.2,2071,3.6,-30.1,29.4,83.4,2038,-17,-33.7,1.3,76.1,2094,8.3,-56.3,,,,,,,,,,,,,,,,,,,,,80.3,2018,12.3,-44.7
"Martin, Davis",663436,2025,142.2,601,136,20,104,17.3,8,0.251,0.427,0.317,0.744,65,74,428,7,10,4.1,110,61,115,323,212,845,1464,220,0,0.276,0.458,0.322,0.347,0.341,36,9.7,6.3,44.6,79.46121218,95.39486148,21.6,49.4,32.7,94,2411,-6.2,-16,1.5,4.3,83.4,2735,9.8,-37.5,24.2,90.2,2059,-14.3,-32.6,4.8,78.8,2794,13.7,-53.5,10.7,92.9,2379,-15.4,-23,23.1,88.2,2580,1.9,-30.3,,,,,,,,,,,,,,
"Littell, Zack",641793,2025,186.2,759,174,36,130,17.1,4.2,0.244,0.445,0.282,0.727,79,81,560,10,8,3.81,122,80,126,423,258,921,1867,262,0,0.26,0.452,0.311,0.324,0.299,32.7,9.9,7.3,40.9,80.1906688,94.45876219,20.4,51.8,23.8,92.1,2005,-7.3,-16.2,1.2,27.5,87.3,2199,1.4,-28.5,,,,,,,,,,,16,91.5,2028,-14.2,-20.2,,,,,,27.3,83.4,1105,-11.7,-40.4,,,,,,79.5,2166,11.5,-47.2
"Kremer, Dean",665152,2025,171.2,708,163,22,142,20.1,6.4,0.248,0.407,0.297,0.704,80,83,515,11,10,4.19,112,79,128,444,280,950,1803,288,0,0.241,0.401,0.305,0.302,0.292,32.8,8.5,8.3,35.8,76.65064605,93.87724147,22.9,49.4,26.9,93.3,2277,-7.6,-13.6,1.2,0.1,83.9,2471,2.4,-37.7,,,,,,12.8,78.3,2772,6.1,-56.2,19,92.9,2158,-14.9,-19.5,20.2,86.9,2401,4.8,-30.2,21,81.9,1130,-10.6,-31,,,,,,,,,
"Quintana, Jose",500779,2024,170.1,717,150,22,135,18.8,8.8,0.237,0.396,0.314,0.71,71,73,511,10,10,3.75,127,66,124,462,225,1143,1676,239,0,0.257,0.406,0.312,0.327,0.333,32.9,6.7,7.3,38.2,76.44604848,93.89600374,22.2,43.1,22.5,90.7,2073,3.9,-17.2,1.2,,,,,,19.3,85.7,1323,14.3,-33.1,21.9,77.6,2227,-6.9,-53.5,30.4,90.8,2065,13.9,-20.6,,,,,,,,,,,,,,,,,,,
"Rasmussen, Drew",656876,2025,150,585,116,18,127,21.7,6.3,0.214,0.34,0.271,0.611,46,47,450,10,5,2.76,100,46,99,391,215,799,1517,219,0,0.237,0.365,0.269,0.288,0.291,29.6,6.3,6.3,43.3,80.43614752,94.70868728,22.2,48.6,35.4,95.8,2481,-4.1,-12.4,1.1,,,,,,1.2,89.4,1097,-8.9,-29.5,4.3,80.5,2765,5.1,-53.9,22.8,95.4,2418,-14.4,-16.9,31.5,90.3,2704,4.5,-29.4,,,,,,,,,,,84.6,2704,11.7,-40.7
"Gausman, Kevin",592332,2025,193,775,155,21,189,24.4,6.5,0.216,0.358,0.269,0.627,77,79,579,10,11,3.59,117,76,139,478,378,988,2042,382,0,0.24,0.397,0.273,0.299,0.292,35,8.5,10.2,41.4,78.11432304,94.52200783,26.4,51.6,53.7,94.5,2260,-11.1,-14.1,1.7,8.6,83.2,2334,1.8,-37.9,,,,,,,,,,,0.1,93.7,2280,-18.6,-14,,,,,,37.6,84.9,1691,-15.5,-33.8,,,,,,,,,
"Anderson, Tyler",542881,2024,179.1,765,158,24,142,18.6,9.5,0.232,0.394,0.311,0.705,76,83,538,10,15,3.81,135,77,129,425,350,1051,1863,370,0,0.245,0.412,0.308,0.322,0.323,34.1,7.9,5.9,33,76.27353733,93.1219435,27.8,49.3,39.6,89.5,2196,4.1,-14.7,1.4,1.8,81.4,2380,-3.5,-35.9,37.1,78.9,1886,12.5,-31.7,0.1,71.6,2146,-1.2,-63.5,3.3,88.1,2194,17.4,-26.9,18.1,84.3,2325,-3.7,-26.7,,,,,,,,,,,,,,
"Morton, Charlie",450203,2025,142,654,152,23,149,22.8,11,0.273,0.463,0.367,0.83,92,94,426,9,11,5.83,138,84,177,416,280,939,1609,296,3,0.25,0.404,0.36,0.333,0.349,33.3,8.6,5,43.6,81.39496709,94.94111847,27.9,46.8,27.6,94.2,2323,-11.9,-18.5,1.2,,,,,,9.9,87.5,1815,-13.7,-39.6,38.3,81.4,3163,15.4,-50.5,15.1,94,2219,-17.8,-26.7,9,88,2514,0.9,-29.9,,,,,,,,,,,,,,
"Kirby, George",669923,2024,191,778,181,22,179,23,3,0.245,0.393,0.272,0.665,75,82,573,14,11,3.53,122,75,160,447,326,936,2031,339,0,0.235,0.395,0.287,0.287,0.266,30.5,8.1,5.8,36.3,78.77459327,93.75352036,24.1,53.4,33.9,96,2233,-9.3,-13.9,1.2,23.7,87.2,2364,7.7,-38.4,0,85.4,1544,-9,-38.4,8.2,83.3,2468,8.6,-53.8,23.7,96,2219,-15.8,-18.1,0.4,92.3,2301,1,-23.6,10.1,86,944,-9.6,-35.6,0,73.9,155,-2.6,-43.3,,,,
"Sánchez, Cristopher",650911,2025,202,807,171,12,212,26.3,5.5,0.227,0.321,0.275,0.596,56,58,606,13,5,2.5,151,52,135,507,384,956,1940,402,0,0.227,0.338,0.264,0.271,0.275,27,5.7,4.6,39.8,77.43679385,94.39200115,30.4,49.5,,,,,,,16.6,85.7,2088,-1.6,-37.9,37.4,86.3,2043,16.9,-38.1,,,,,,46,95.4,2137,18.3,-25.8,,,,,,,,,,,,,,,,,,,
"Cecconi, Slade",677944,2025,132,545,125,24,109,20,5.9,0.247,0.451,0.294,0.745,63,66,396,7,7,4.3,84,61,94,366,180,737,1326,197,0,0.271,0.481,0.319,0.343,0.318,37.2,12.2,8.5,49.1,81.62655854,95.53006453,22.5,46.5,43.6,94.3,2394,-10.7,-15.1,1.5,18.6,84.3,2565,5.3,-38,7.5,84.3,1618,-14.1,-35.2,16.5,75.5,2398,9.2,-61.3,11,93.6,2266,-16.3,-22.6,2.7,88.9,2299,0.8,-27.4,,,,,,,,,,,82,2596,12.6,-40.9
"Keller, Mitch",656605,2025,176.1,749,171,21,150,20,6.8,0.249,0.405,0.31,0.715,82,91,529,6,15,4.19,120,82,155,484,243,994,1876,254,0,0.262,0.42,0.313,0.325,0.322,34.6,7.8,7.3,43.8,79.4512197,94.72369473,20.6,48.5,37,94,2405,-8.6,-15.8,1.4,13.9,86.9,2531,4.6,-36.5,6.9,89.2,2031,-14,-32.2,7.3,77.4,2612,12,-60.4,15.7,92.9,2465,-14.5,-22.7,0.1,92.4,2427,1.3,-22.1,,,,,,,,,,,82.3,2714,17.5,-40.7
"Rogers, Trevor",669432,2024,124.1,562,140,14,97,17.3,10,0.285,0.458,0.357,0.815,68,74,373,2,11,4.92,104,68,135,353,192,853,1390,196,0,0.275,0.437,0.35,0.347,0.353,33.3,8.4,5.2,44.4,80.3913993,94.92394505,20.9,46.2,31.7,91.9,2431,11.9,-17.9,1.5,20.6,82.4,2248,-3.8,-35.1,23.5,85.6,1621,14.3,-37.3,,,,,,24.2,91.5,2366,17.8,-25.3,,,,,,,,,,,,,,,,,,,
"Woods Richardson, Simeon",680573,2024,133.2,569,125,16,117,20.6,8.4,0.246,0.385,0.31,0.695,62,63,401,5,5,4.17,94,52,103,357,215,796,1499,221,0,0.239,0.394,0.305,0.31,0.307,35.7,8.2,6.5,36.2,78.06318392,93.54377801,22.3,49.8,40.3,93.1,2186,-5.8,-14.1,1.6,31.2,86.4,2302,6.2,-29.4,19.3,82.8,2271,-15.4,-30.2,9.3,76.1,2599,5.5,-62.4,,,,,,,,,,,,,,,,,,,,,,,,
"Rea, Colin",607067,2024,167.2,714,169,29,135,18.9,6,0.258,0.447,0.311,0.758,80,83,503,12,6,4.29,123,77,128,484,210,925,1725,215,2,0.272,0.452,0.327,0.338,0.326,36.3,8.7,6.8,42,80.21367819,94.59441517,19.3,46.8,19.5,93,2174,-6.5,-17.8,1.3,,,,,,,,,,,4.8,79.1,2139,10.1,-52.9,30.9,92.3,2144,-13.9,-23.1,19.4,87.6,2191,2.2,-28.3,8.8,86.5,1408,-13.8,-32.5,,,,,,82,2206,12.8,-41.5
"Manaea, Sean",640455,2024,181.2,738,134,21,184,24.9,8.5,0.202,0.338,0.28,0.618,70,75,545,12,6,3.47,117,69,117,478,343,1049,1947,351,0,0.226,0.373,0.275,0.299,0.302,37,7.5,7.7,37.8,77.67445695,93.85781224,26.1,49,31,92.2,2014,13.8,-21.5,1.7,6.3,85.1,2054,-3.4,-31.7,11.7,85.3,1502,14.4,-33.8,,,,,,25.1,92.4,2038,16.9,-22.5,7,88.5,2041,-0.1,-27.4,,,,,,,,,,,77.7,2169,-13.1,-44.2
"Berríos, José",621244,2025,166,698,160,26,138,19.8,8,0.253,0.43,0.32,0.75,77,86,498,9,5,4.17,123,81,129,448,226,946,1638,237,0,0.259,0.45,0.325,0.338,0.327,32.6,11.3,5.2,42.5,79.76145683,94.70528226,22,46.1,18.5,93,2127,-9.9,-16.7,1.4,,,,,,16.8,85.2,1555,-14.4,-33.5,,,,,,32.9,92.2,2027,-16.1,-21.6,5.9,89.6,2308,0,-24,,,,,,,,,,,,,,
"Flaherty, Jack",656427,2024,162,649,135,24,194,29.9,5.9,0.223,0.388,0.273,0.661,57,61,486,13,7,3.17,96,59,104,475,319,948,1698,352,0,0.233,0.38,0.288,0.291,0.284,36.1,7.7,4.8,35.9,77.44586236,93.77647899,32.1,46.2,44.2,93.3,2258,-4.2,-15.9,1.7,29,84.7,2469,6.7,-35.9,2.7,85.7,1610,-12.1,-32.1,21.8,77.4,2440,13.3,-54.5,2.3,90.3,2081,-10.9,-25.1,,,,,,,,,,,,,,,,,,,
"Warren, Will",701542,2025,162.1,711,158,22,171,24.1,9.1,0.25,0.418,0.32,0.738,80,90,487,9,8,4.44,121,82,143,535,259,1069,1733,267,0,0.255,0.42,0.321,0.33,0.328,36,10.9,5.1,45.3,80.37409823,95.3036438,24.6,42.8,41.6,93.3,2573,-7.9,-16.1,1.3,,,,,,9.8,87,1723,-14.6,-35.7,7,80.2,2867,12.6,-54,21,93.2,2430,-16.2,-27.6,,,,,,,,,,,,,,,,82.7,3024,19.5,-40.2
"Peterson, David",656849,2024,121,510,110,8,101,19.8,9,0.243,0.349,0.32,0.669,39,44,363,10,3,2.9,103,41,96,312,191,664,1207,204,0,0.261,0.397,0.299,0.329,0.338,35.7,7.3,6.5,42.7,78.33120497,94.42661385,25.6,47.8,26.2,93.1,2142,6.5,-18,1.6,18.4,85.1,2338,-2.6,-38.2,16.4,84.7,1637,14.6,-34.6,7.6,79.1,2366,-6.1,-53,31.3,91.9,2150,14.7,-25.7,,,,,,,,,,,,,,,,,,,
"Rodón, Carlos",607074,2024,175,736,157,31,195,26.5,7.7,0.235,0.435,0.304,0.739,77,81,525,16,9,3.96,127,71,129,449,406,1122,1980,435,0,0.227,0.421,0.32,0.314,0.297,34.6,11,7.2,40.9,80.22004804,94.54352275,30.1,49.4,49.4,95.4,2384,8.8,-12.4,1.6,26,86.8,2628,-6.6,-37.5,12.9,85.5,1656,12.5,-34.3,8.3,81,2677,-6.3,-52.3,0,95.6,1890,6.6,-13,3.5,91.8,2399,-0.3,-21.4,,,,,,,,,,,,,,
"Pepiot, Ryan",686752,2024,130,539,102,17,142,26.3,8.9,0.212,0.364,0.292,0.656,52,58,390,8,8,3.6,87,50,85,344,267,774,1375,277,0,0.216,0.372,0.29,0.296,0.296,31.4,9.1,5,37.2,79.44153165,93.81403882,29.9,48,50.4,94.9,2379,-8.8,-11.1,1.1,17.4,89,2527,6.4,-26.1,23.5,85.8,2477,-15.4,-35,2.7,80.6,2583,15.8,-53.2,0.2,93.8,2128,-6.6,-15.4,5.8,91.6,2472,2.9,-18.6,,,,,,,,,,,,,,
"Lodolo, Nick",666157,2025,156.2,642,138,22,156,24.3,4.8,0.233,0.387,0.285,0.672,58,60,470,9,8,3.33,105,59,110,397,301,841,1637,307,0,0.229,0.382,0.293,0.291,0.282,31,8.1,6.6,40.5,77.56073084,94.23638627,27.5,50,29.1,93.8,2293,17.1,-22.1,1.1,,,,,,21.8,87.9,1833,17.1,-33.8,28.7,81.9,2569,-8.4,-40.8,20.4,93.8,2296,18.3,-25.8,,,,,,,,,,,,,,,,,,,
"Lorenzen, Michael",547179,2024,130.1,535,101,17,97,18.1,11,0.216,0.372,0.31,0.682,48,49,391,7,6,3.31,94,43,93,346,186,810,1282,192,0,0.243,0.413,0.303,0.329,0.334,32.2,8,8.6,39.4,76.90299382,94.18524995,22.8,44.7,27,93.8,2386,-10.6,-15.5,1.3,8.7,85.2,2669,3.6,-39.5,18.8,84.6,2020,-15.6,-29.2,7.9,81.7,2609,4,-54.7,21.3,93.6,2250,-16.1,-21.4,10,90.1,2571,0.2,-25.7,,,,,,,,,,,82,2630,13.2,-41
"Fried, Max",608331,2025,195.1,801,164,14,189,23.6,6.4,0.223,0.334,0.281,0.615,62,73,586,19,5,2.86,147,63,152,516,338,1135,1974,352,0,0.236,0.355,0.272,0.288,0.294,29.6,6.9,4,37.2,74.88436284,93.85770764,26.6,46.9,12.4,95.8,2211,3.1,-14.9,1.7,2,85.3,2538,-4.9,-37.4,11,85.2,1659,13.4,-34.1,17.3,75.2,2920,-10.5,-66.1,17.7,94,2132,9.9,-26.5,28,93.6,2302,-1.5,-22.2,,,,,,,,,,,81.5,2838,-17.4,-45.3
"Lugo, Seth",607625,2025,145.1,611,133,27,125,20.5,9,0.244,0.438,0.319,0.757,67,70,436,8,7,4.15,100,66,110,449,183,887,1493,192,0,0.26,0.474,0.329,0.349,0.334,34.8,11.1,9.6,45.2,80.32888638,94.97789234,20.6,43.9,21.2,91.7,2350,-7.4,-17.1,1.6,5.5,83.2,2615,5.9,-35.1,9.6,86.2,1671,-14.8,-32.3,23,77.3,3111,14.8,-58.3,14.5,91.3,2402,-15.5,-23.9,14.1,89.2,2453,1.3,-23.2,0.6,84.3,1416,-9.8,-34.2,,,,,,80.6,2754,13.5,-39.7
"Wacha, Michael",608379,2024,166.2,685,154,17,145,21.2,6.6,0.246,0.387,0.3,0.687,62,65,500,13,8,3.35,115,56,119,413,263,927,1675,272,0,0.251,0.405,0.3,0.31,0.306,32.7,8.2,4.1,32.5,75.61426158,93.10900565,23.3,48.5,23.3,93.6,2131,-6.6,-13.3,1.4,9.2,84.1,2041,2.7,-37.1,32.2,81.2,1548,-13,-36.2,8.1,75.2,2261,12.3,-60.8,15.7,93.6,2029,-12.8,-16.6,11.4,88.8,2082,1.2,-24.3,,,,,,,,,,,,,,
"Cabrera, Edward",665795,2025,137.2,581,121,17,150,25.8,8.3,0.233,0.378,0.309,0.687,54,60,413,8,7,3.53,101,53,123,408,260,829,1423,283,0,0.24,0.381,0.303,0.309,0.316,31.1,8.6,9.1,46.4,79.02372351,95.17016754,29.4,45.1,12.7,97,2335,-10.8,-14.6,1.5,17.3,88.5,2548,1.9,-32.7,25.8,94.2,1749,-17.5,-26.5,23.6,84,2631,10.9,-50,20.6,96.8,2309,-17.2,-19.7,,,,,,,,,,,,,,,,,,,
"Gallen, Zac",668678,2025,192,813,176,31,175,21.5,8.1,0.239,0.426,0.303,0.729,103,109,576,13,15,4.83,131,97,133,568,259,1160,1975,298,0,0.245,0.427,0.315,0.32,0.309,34.3,9.7,7.6,43,79.46455706,94.70140098,23.7,44.9,45.1,93.5,2320,-4.3,-14.2,1.3,7.2,88,2380,5.8,-31.2,16,86.3,1518,-12.3,-32.7,23.5,81.1,2441,4.9,-53.2,2.5,93.3,2167,-11.1,-17.2,5.8,89.5,2338,3.4,-24.5,,,,,,,,,,,,,,
"Strider, Spencer",675911,2025,125.1,539,124,20,131,24.3,9.5,0.261,0.453,0.34,0.793,62,63,376,7,14,4.45,104,58,107,285,268,820,1290,294,0,0.256,0.445,0.344,0.339,0.336,39.5,10.6,7.7,42.7,81.05999512,95.31007631,30.6,47.6,51.2,95.5,2300,-8.9,-13.7,1.1,35.3,84.1,2285,5.1,-35.9,4.6,85.9,1957,-14,-30.5,8.9,78.4,2662,10,-51.2,,,,,,,,,,,,,,,,,,,,,,,,
"Kochanowicz, Jack",686799,2025,111,512,136,21,72,14.1,11.3,0.309,0.489,0.393,0.882,84,89,333,3,11,6.81,91,79,96,261,159,714,1145,163,0,0.289,0.46,0.379,0.367,0.38,28,9.3,5.1,49.6,81.7460293,95.75622554,20.8,47.6,19.1,95.5,2251,-7.2,-16,1.5,14.7,87.2,2733,3.3,-36.7,14,89.8,2110,-9,-31.3,,,,,,46.8,95.5,2136,-14.3,-27,,,,,,,,,,,,,,,,82.3,2840,13.4,-43.8
"Cameron, Noah",702070,2025,138.1,556,109,18,114,20.5,7.7,0.214,0.361,0.279,0.64,46,46,415,9,7,2.99,92,40,74,333,218,809,1355,249,0,0.246,0.407,0.281,0.314,0.309,32.6,6.3,5.8,37.4,76.19833699,93.89982739,26.6,47.2,26.4,92.3,2288,4.5,-15.2,1.6,14.3,84.2,2534,-3,-39.5,18.5,81.3,1513,10.9,-30.1,19.3,80.9,2394,-3.4,-52.5,,,,,,21.5,88.2,2461,-3.8,-28.5,,,,,,,,,,,,,,
"Pallante, Andre",669467,2024,121.1,509,110,8,94,18.5,9.4,0.24,0.338,0.315,0.653,51,55,364,8,8,3.78,92,46,125,310,144,750,1228,164,6,0.232,0.328,0.293,0.289,0.31,24.4,3.3,5.2,38.1,75.33976699,93.7957248,19.8,46.4,50.4,94.5,2248,0,-21.1,1.4,17.2,87.5,2371,4.9,-37.1,,,,,,12.6,79.5,2817,4.2,-59.1,19.8,94.8,2118,-10.3,-15.8,,,,,,,,,,,,,,,,,,,
"Allen, Logan",671106,2025,156.2,676,157,18,122,18,9.2,0.262,0.403,0.334,0.737,74,84,470,8,11,4.25,120,71,128,469,207,1040,1669,216,0,0.25,0.417,0.323,0.327,0.326,32.8,9.1,7,37.5,77.20154349,94.14861372,20.6,44.3,33.5,91.2,2227,6.3,-16.6,1.3,,,,,,18.5,82.4,957,9.8,-34.4,,,,,,13.2,89,1964,13.8,-25.4,11.4,85.6,2271,-4.3,-30.8,,,,,,,,,,,78,2299,-14.3,-44.4
"Sears, JP",676664,2024,180.2,758,172,28,137,18.1,6.5,0.251,0.439,0.311,0.75,88,93,542,11,13,4.38,122,85,139,473,276,992,1865,277,0,0.243,0.443,0.324,0.324,0.304,32.7,10.2,7.9,40.2,78.17333218,94.37978786,21.8,48.7,36.1,91.9,2087,11.6,-17.7,1.2,8.4,79.3,2385,-6.2,-35.4,19.2,84,1675,16.6,-36.3,0.6,79.2,2431,-5.4,-46.7,10.7,90,1889,16.1,-27.6,,,,,,,,,,,,,,,,78.7,2427,-13.3,-39.9
"Gallen, Zac",668678,2024,148,621,133,13,156,25.1,8.7,0.237,0.376,0.308,0.684,60,62,444,14,6,3.65,119,57,127,446,220,953,1553,264,0,0.245,0.379,0.301,0.308,0.316,34.9,7.4,7.6,41,79.81895601,94.40298237,26,44.2,46.3,93.7,2293,-4.7,-14.3,1.7,8.7,86.9,2450,5.4,-33.1,14,86.6,1533,-11.8,-31.4,27.7,81,2419,4.8,-52.9,0.2,93.6,1795,-2.7,-13.1,3.1,90.3,2394,3.5,-23.9,,,,,,,,,,,,,,
"Holmes, Clay",605280,2025,165.2,708,150,14,129,18.2,9.3,0.241,0.352,0.324,0.676,65,74,497,12,8,3.53,137,59,135,497,237,1028,1736,254,2,0.248,0.388,0.302,0.322,0.333,30.5,6.8,8.6,42.3,78.36975008,94.82222571,22.1,44.8,5.3,93.2,2304,-6.5,-17.8,1.4,10.7,85.4,2591,1.9,-41.7,15.6,88.1,1105,-12.1,-35.1,,,,,,41,93.7,2180,-15,-28.4,8.3,89.8,2447,1.1,-28.6,,,,,,,,,,,81.9,2815,16.7,-47.3
"May, Dustin",669160,2025,132.1,584,132,21,123,21.1,9.6,0.259,0.447,0.344,0.791,73,78,397,7,11,4.96,107,68,131,401,174,786,1383,177,0,0.264,0.446,0.342,0.35,0.351,34.9,9.2,7.6,44.5,79.4913639,95.16350807,20,45.3,16.6,95.4,2344,-11.3,-17.3,1.4,,,,,,0.8,89.1,1337,-13.8,-33.1,,,,,,33.6,94.5,2411,-18.5,-25.2,9.7,91.4,2496,-0.4,-25.8,,,,,,,,,,,85.2,3182,16.9,-40.4
"Kremer, Dean",665152,2024,129.2,553,110,18,123,22.2,9.2,0.223,0.371,0.297,0.668,59,72,389,8,10,4.1,88,59,96,380,199,788,1383,204,0,0.239,0.424,0.294,0.326,0.315,31.1,9.8,4,35.4,75.88074189,93.50789203,23.3,46.2,32.2,93.4,2278,-7.8,-13.5,1.3,,,,,,,,,,,11.4,77,2780,8.6,-60.7,14.8,92.2,2104,-14.6,-20.1,23,86.9,2395,5.5,-30.4,18.5,84.1,1017,-8.9,-30.9,,,,,,,,,
"Valdez, Framber",664285,2025,192,802,171,15,187,23.3,8.5,0.238,0.358,0.308,0.666,78,82,576,13,11,3.66,156,72,181,495,291,1030,1861,332,0,0.243,0.363,0.295,0.302,0.313,28.1,6.7,5,46.3,79.96466798,95.30098709,26.6,47.3,1.5,93.7,2270,6.9,-22.9,1.6,3.1,84.4,2537,-3.8,-41.1,18.2,89.9,1708,14.7,-33.4,33.1,79.4,2943,-13.2,-58.8,44,94.3,2203,16,-25.1,,,,,,,,,,,,,,,,,,,
"Webb, Logan",657277,2025,207,856,210,14,224,26.2,5.4,0.264,0.386,0.308,0.694,74,82,621,15,11,3.22,168,74,193,648,326,1117,2165,349,0,0.249,0.376,0.303,0.294,0.294,32.8,8.3,4.1,40.2,78.36455479,94.73222497,24.7,46.2,7.8,92.8,2118,-9,-21,1.1,,,,,,24.1,86.5,1502,-8.5,-42,,,,,,33.6,92.6,1959,-15.7,-31.6,7.9,91.1,2225,-2,-25.2,,,,,,,,,,,84.6,2543,14.6,-38.7
"Pérez, Martín",527048,2024,135,590,151,22,107,18.1,8.3,0.283,0.46,0.349,0.809,68,71,405,5,6,4.53,107,62,100,409,184,781,1423,193,0,0.278,0.468,0.351,0.354,0.344,34.3,8.6,7.9,41.5,76.89241338,94.74982906,21,46,4.6,91.5,2088,10.6,-17.6,1.4,0,82.8,2243,-2.8,-33.6,22.7,83.4,1672,14.4,-31.3,14.1,77.9,2454,-3.5,-49.3,36.6,90.7,1969,16,-23.3,22,87.9,2206,0.8,-23,,,,,,,,,,,,,,
"Houser, Adrian",605288,2025,125,518,122,10,92,17.8,7.3,0.261,0.385,0.325,0.71,46,49,375,8,5,3.31,104,46,103,296,153,657,1235,159,0,0.257,0.38,0.312,0.312,0.322,30.3,6.1,5.8,47.6,79.18399794,95.05124979,18.1,49.6,11.7,95.2,2301,-10.7,-15.3,1.1,15.4,88.1,2432,2.5,-30.5,15.3,85.8,1613,-15.7,-32.5,11.7,81.7,1965,7.2,-53.4,45.9,94.4,2202,-17.1,-23.7,,,,,,,,,,,,,,,,,,,
"Assad, Javier",665871,2024,147,638,143,20,124,19.4,9.9,0.254,0.422,0.333,0.755,61,64,441,7,6,3.73,124,57,139,477,157,982,1556,170,0,0.261,0.435,0.33,0.34,0.34,36,8.8,4.7,39.8,78.30406009,94.27245294,17.9,42.5,16.2,91.5,2036,-5.8,-16.2,1.7,1.7,81.1,2335,7.2,-42.5,4.6,83.7,1434,-12.7,-30.8,11.6,76.8,2440,11.1,-56.4,35.4,91.4,1894,-13.6,-21.7,21.6,87.9,2047,3.6,-26.7,,,,,,,,,,,79.9,2398,15,-42.9
"Ragans, Cole",666142,2024,186.1,762,146,15,223,29.3,8.8,0.213,0.334,0.289,0.623,65,71,559,11,9,3.14,132,63,129,454,430,1138,1980,448,0,0.216,0.34,0.277,0.283,0.292,31.8,6.2,6.7,35.4,77.67589122,93.55301085,32,48.9,41.7,95.4,2553,12.6,-12.9,1.8,12.8,86,2542,-0.9,-36.3,23.7,84.8,2161,16,-25.9,10.4,80.8,2471,-10.2,-55,0.1,96.3,2567,14.1,-12.7,11.3,90.8,2503,1,-23.2,,,,,,,,,,,,,,
"Castillo, Luis",622491,2024,175.1,719,158,25,175,24.3,6.5,0.238,0.412,0.293,0.705,71,73,526,11,12,3.64,126,65,128,433,331,978,1881,337,0,0.244,0.405,0.305,0.307,0.298,37,8.5,6.7,41.9,78.93813156,94.54651673,25.9,50.6,45.3,95.6,2155,-12.5,-17.8,1.1,22.3,85.7,2296,0.9,-36.3,14.3,88.1,1894,-17.2,-35.4,,,,,,18.1,95.6,2008,-18.3,-26,,,,,,,,,,,,,,,,,,,
"Webb, Logan",657277,2024,204.2,841,202,11,172,20.5,5.9,0.258,0.355,0.302,0.657,79,83,614,13,10,3.47,152,75,176,636,261,1085,2116,273,0,0.271,0.411,0.288,0.32,0.317,32.1,7,6.3,46.2,77.92766283,95.23345283,20.8,46.2,5.5,92.6,2054,-8.6,-22.5,1.2,,,,,,30.9,87.4,1460,-9.9,-40.4,,,,,,39.7,92.6,1940,-15.1,-30.9,2.6,91,2235,-1.2,-25.2,,,,,,,,,,,83.8,2605,16.4,-39.9
"Bassitt, Chris",605135,2024,171,758,180,18,168,22.2,9.2,0.27,0.397,0.352,0.749,79,91,513,10,14,4.16,157,79,163,549,253,1078,1881,260,0,0.256,0.398,0.331,0.327,0.34,36.3,7.5,4,37.1,75.64419492,94.07781649,21.7,45,4.4,92.6,2162,-7.7,-18.8,1.4,4.4,82.5,2376,6.8,-41,5.1,84.5,1930,-17.1,-31.1,13.7,71,2290,15.3,-67.7,40.8,92.5,2101,-16.5,-23.9,19.8,89.6,2240,0,-24.8,4.5,84.1,1267,-13.3,-38.1,,,,,,74.1,2341,17.5,-51.4
"Littell, Zack",641793,2024,156.1,656,164,22,141,21.5,4.7,0.265,0.426,0.306,0.732,63,68,469,8,10,3.63,118,64,134,390,263,806,1680,275,0,0.263,0.435,0.317,0.321,0.303,36.2,9.6,6.3,39.2,78.59029555,94.13734457,23.1,51.9,22.3,92.4,2023,-7.1,-15.2,1.3,34.8,86.6,2255,2.5,-29.4,,,,,,,,,,,14.6,91.6,2031,-14.8,-19.3,,,,,,23.2,83,862,-8.7,-38.6,,,,,,79.5,2244,14.2,-47.2
"Pivetta, Nick",601713,2025,181.2,721,129,22,190,26.4,6.9,0.195,0.33,0.253,0.583,58,63,545,13,5,2.87,116,57,109,516,289,975,1876,300,0,0.231,0.416,0.256,0.308,0.289,36.4,10.9,7.7,45,79.73614877,94.70140227,24.6,47.7,46,93.8,2323,-2.5,-11.6,1.2,1.7,83.4,2433,7.7,-32.8,,,,,,22.4,79,2797,7.1,-61.2,4,93.8,2297,-9.3,-12.9,8.9,90.2,2349,4.5,-23,0.2,87.3,1456,-12.3,-22.9,,,,,,81.8,2444,13.7,-38.4
"Eovaldi, Nathan",543135,2024,170.2,696,147,23,166,23.9,6,0.229,0.386,0.282,0.668,72,74,512,12,8,3.8,107,66,106,409,327,844,1778,340,0,0.246,0.391,0.291,0.306,0.3,33.5,7.7,5.2,42.6,77.90644202,94.48576872,26.8,52.2,37.4,95.4,2188,-13.8,-18.5,1.3,2.9,86,2121,5.1,-34.6,,,,,,13.7,76.7,1933,9.2,-54.1,,,,,,15.2,91.3,2275,0.8,-24,30.8,88.4,1599,-13.5,-34.6,,,,,,,,,
"Bassitt, Chris",605135,2025,170.1,736,174,22,166,22.6,7.1,0.261,0.415,0.325,0.74,75,80,511,11,9,3.96,140,69,153,482,271,1024,1805,282,0,0.255,0.4,0.324,0.319,0.322,34.5,8.5,4,36.6,75.61854649,93.91371757,23.3,46.8,9.3,91.5,2150,-5.2,-21.5,1.2,2.9,83.6,2372,5.9,-38.9,2.7,84.5,1917,-16.4,-34.8,16.3,71.3,2277,16.8,-66.3,41.7,91.6,2102,-16.2,-28.3,16.9,88.5,2223,0.8,-26.3,4.6,83.6,1366,-14.4,-40.1,,,,,,72.6,2335,19.3,-53.4
"Brown, Hunter",686613,2024,170,712,156,18,179,25.1,8.4,0.242,0.357,0.31,0.667,66,71,510,11,9,3.49,137,61,137,482,285,1068,1821,297,0,0.224,0.332,0.296,0.282,0.296,28,4.5,6.4,30.3,74.68751777,92.85509818,25.1,46.3,34.8,96,2297,-5.1,-12.3,1.5,5.6,89.3,2161,3.7,-29.9,12.5,88.4,1463,-14,-26.3,12.5,82.9,2486,4.7,-55.5,18.1,95.6,2153,-13.6,-16.5,16.5,92.4,2311,3.3,-22,,,,,,,,,,,,,,
"Vásquez, Randy",681190,2025,133.2,570,125,16,78,13.7,9.1,0.247,0.383,0.323,0.706,57,59,401,6,7,3.84,110,48,101,365,142,786,1362,145,0,0.271,0.471,0.311,0.353,0.346,34.2,10.9,6.2,39.3,78.0516581,94.30590028,15.7,46.4,20.9,93.4,2380,-9,-15.8,1.5,2.1,85.8,2761,4.5,-31.1,6.9,86.9,2065,-18.5,-31.5,12.9,81.2,3059,12.3,-48.1,19.2,93.2,2337,-15.5,-20.4,25,90.2,2515,1.4,-22.6,,,,,,,,,,,82.1,2990,12.7,-36.2
"Nelson, Ryne",669194,2024,150.2,630,155,17,126,20,5.4,0.266,0.446,0.308,0.754,71,73,452,10,6,4.24,101,63,113,385,199,774,1632,202,2,0.266,0.412,0.322,0.314,0.311,34.5,7.5,5.8,41.6,79.83287319,94.48758627,18.2,51.8,55.7,95.2,2216,-5.7,-11.9,1.5,8.5,84.2,2463,5.5,-40.3,9.9,83,1960,-15.2,-29.8,5.7,77.8,2441,9.2,-53.2,,,,,,18.4,91.2,2200,1.2,-24.4,,,,,,,,,,,82.3,2551,11.5,-40.3
"Pfaadt, Brandon",694297,2025,176.2,767,198,26,147,19.2,4.8,0.279,0.469,0.323,0.792,103,107,530,13,9,5.25,126,101,177,464,265,1018,1902,276,0,0.29,0.489,0.339,0.353,0.334,39.1,10.9,6.7,45.8,79.64242437,95.37012661,22.1,49.2,23.4,93.6,2568,-6,-15.6,1.2,,,,,,15.7,87.3,2115,-16.1,-31.7,9.9,82.1,2673,10.7,-49,23.4,93.1,2426,-15.2,-24.8,8.9,89.8,2756,2.2,-26.9,,,,,,,,,,,84.8,2844,10.4,-32.9
"Kikuchi, Yusei",579328,2024,175.2,736,167,25,206,28,6,0.245,0.391,0.291,0.682,79,85,527,9,10,4.05,122,72,133,493,354,1014,1909,377,0,0.238,0.395,0.297,0.298,0.286,33.5,9.7,6.6,45,79.14650396,94.84412864,29,48.4,47,95.5,2289,7.9,-13.2,1.3,24,88.3,2396,-2.7,-31.9,11.1,86.8,1655,12.7,-27.7,17.9,82.4,2471,-4.9,-45.1,,,,,,,,,,,,,,,,,,,,,,,,
"Ryan, Joe",657746,2025,171,689,138,26,194,28.2,5.7,0.218,0.392,0.275,0.667,65,69,513,13,10,3.42,118,65,134,443,317,963,1832,325,0,0.212,0.388,0.29,0.289,0.272,33.1,11.5,6.3,41.9,79.81529873,94.60861113,26.1,49.7,51.2,93.6,2292,-12.6,-17.8,1.6,9.3,87.8,2329,0,-28.8,,,,,,3.9,79.2,2816,12.4,-53.7,11.2,93.3,2142,-16.7,-23.3,,,,,,11.3,87.6,2015,-15.2,-34.6,,,,,,80.6,2786,15.8,-42.4
"Severino, Luis",622663,2025,162.2,705,162,16,124,17.6,7.1,0.257,0.389,0.324,0.713,82,93,488,8,11,4.54,121,86,144,437,197,1003,1728,199,0,0.269,0.408,0.313,0.329,0.337,35.3,6,8,41.9,75.84091169,94.47874181,18.3,47.3,27.6,96.1,2282,-7,-13.5,1.6,4,87,2483,6.6,-33.1,5.3,86.2,1597,-13.8,-29.7,,,,,,20.8,95.7,2129,-14,-17.8,17.5,93.2,2287,0.8,-22.3,,,,,,,,,,,84.5,2580,15.7,-36.1
"Gray, Sonny",543243,2024,166.1,671,142,21,203,30.3,5.8,0.228,0.401,0.275,0.676,71,79,499,13,9,3.84,99,71,145,442,284,833,1650,333,0,0.237,0.393,0.292,0.296,0.285,38.1,8.9,4.2,37.9,79.27640654,94.21196125,29.8,48.7,23.8,92.4,2515,1.2,-19.8,0.9,,,,,,6.4,88.3,1704,-11.2,-29.8,13.9,79.9,2646,12.1,-57.8,17.8,92.7,2384,-11.4,-23.5,17.8,87.7,2708,5.5,-34.5,,,,,,,,,,,84.8,2690,15.8,-43.7
"Cease, Dylan",656302,2025,168,722,152,21,215,29.8,9.8,0.239,0.399,0.318,0.717,85,91,504,8,12,4.55,126,79,146,426,445,1120,1924,475,0,0.216,0.353,0.313,0.289,0.298,36.6,8.6,7.7,37.5,78.18435526,93.93110972,33.4,49.2,41.1,97.1,2550,-3.6,-10.7,1.3,41,89.1,2764,1.3,-31.3,1.1,77.3,1681,-8.5,-28.4,8.3,82.3,2747,3.1,-56.5,5,96.1,2494,-10.6,-14.8,,,,,,,,,,,,,,,,84.3,2912,11.6,-46.8
"Flaherty, Jack",656427,2025,161,681,147,23,188,27.6,8.7,0.239,0.406,0.311,0.717,83,85,483,8,15,4.64,108,76,119,509,292,1030,1801,322,0,0.236,0.401,0.313,0.311,0.308,37.8,10.3,5.6,43.8,78.73220897,94.72461202,27.3,45.6,46.9,92.9,2263,-5.8,-15.9,1.5,23.6,84.9,2428,6.4,-35,2.5,85.8,1766,-13.5,-30.2,25.4,77.8,2389,12.1,-54,1.6,90.7,2072,-14.6,-25.1,,,,,,,,,,,,,,,,,,,
"Boyd, Matthew",571510,2025,179.2,718,154,19,154,21.4,5.8,0.235,0.369,0.288,0.657,64,69,539,14,8,3.21,123,66,122,429,286,903,1843,296,0,0.242,0.39,0.287,0.301,0.296,31.4,9,4.7,38,77.34703534,93.96228667,23.1,51.5,46.5,93.3,2319,13.2,-18.6,1.3,14.9,82,2485,-2.4,-40.4,23.7,78.7,1818,15.7,-38.5,11.3,73.5,2326,-11,-59.4,3.7,92,2281,16.9,-23.5,,,,,,,,,,,,,,,,,,,
"Suárez, Ranger",624133,2025,157.1,651,154,14,151,23.2,5.8,0.256,0.374,0.305,0.679,56,57,472,12,8,3.2,119,54,104,430,217,835,1595,231,0,0.228,0.346,0.298,0.277,0.28,29.2,5.5,5.9,31.1,74.91671031,93.0424992,22.2,47.9,14.6,91.3,1951,6.1,-21.2,1.3,4.2,79.7,2163,-8.2,-37.8,19.1,79.5,1287,10.9,-40.3,16.2,73.9,2109,-11.4,-59,28.6,90.1,1980,15.7,-29.1,17.4,86.4,2111,-2.6,-30.4,,,,,,,,,,,,,,
"Ober, Bailey",641927,2025,146.1,624,159,30,120,19.2,5,0.275,0.494,0.314,0.808,83,84,439,6,9,5.1,94,83,96,355,265,782,1574,276,0,0.252,0.455,0.344,0.322,0.294,33.8,10.9,6,39.1,78.77157129,94.4595216,24.1,51.7,35.7,90.2,2288,-8.1,-16.8,1.3,17.6,83.7,2030,4,-32.5,28.9,83.3,2029,-17.9,-33.8,3.8,75.3,2087,7.5,-56.4,3.4,90.3,2135,-14,-22.5,,,,,,,,,,,,,,,,78.5,2100,11.2,-43.7
"Stroman, Marcus",573186,2024,154.2,675,167,19,113,16.7,8.9,0.277,0.431,0.349,0.78,74,81,464,10,9,4.31,122,74,150,455,205,1041,1626,213,0,0.271,0.43,0.341,0.34,0.344,35.5,6.7,6.5,40.2,78.43750366,94.34448781,20.4,43.9,3,90,2300,-6.5,-23.1,1.2,16,85.3,2654,4.5,-39.6,,,,,,2.6,76.2,2511,15.2,-53.6,35.2,90,2244,-9.9,-30.4,18.3,88.1,2531,1,-29.2,11.1,83.3,1917,-14.8,-35.7,,,,,,,,,
"López, Pablo",641154,2024,185.1,772,180,26,198,25.6,5.3,0.252,0.407,0.298,0.705,84,90,556,15,10,4.08,123,84,146,443,370,995,1991,387,0,0.239,0.39,0.306,0.297,0.288,35.9,8.2,5.5,37.5,76.71704031,93.58792867,27,51.8,40.4,95,2206,-5.6,-15.7,1.3,,,,,,20.1,88.5,2108,-16.8,-28.3,9.9,82.4,2647,6.6,-51,7.7,94.5,2104,-13.8,-22.2,,,,,,,,,,,,,,,,84.5,2453,12.7,-38.8
"Montgomery, Jordan",656756,2024,117,532,149,14,83,15.6,8.3,0.312,0.496,0.369,0.865,81,83,351,8,7,6.23,96,77,133,257,211,715,1214,240,3,0.287,0.443,0.37,0.347,0.349,36.6,6,8.2,41,77.21272223,94.21828914,26.9,49.6,17.2,92.1,2294,5.3,-17.1,1.1,1.8,84.2,2372,-3,-35.4,19.3,83.1,1606,10.2,-27.8,30.7,79.2,2312,-4.3,-50.8,30.9,91.8,2133,14.7,-22.3,,,,,,,,,,,,,,,,,,,
"King, Michael",650633,2024,173.2,726,144,17,201,27.7,8.7,0.221,0.346,0.296,0.642,57,71,521,13,9,2.95,132,61,128,559,344,1023,1872,348,0,0.225,0.359,0.284,0.293,0.3,35.2,6.2,5.1,30.3,73.98135973,92.67165699,29.3,45.4,24.2,93.7,2286,-6,-16.2,1.3,5.6,85.7,2425,3.7,-35.7,24.6,86.7,2045,-17.6,-31.4,,,,,,27.8,92.9,2263,-16.3,-26.3,,,,,,,,,,,,,,,,82,2700,15,-37.5
"deGrom, Jacob",594798,2025,172.2,669,122,26,185,27.7,5.5,0.196,0.354,0.242,0.596,57,57,518,12,8,2.97,95,53,85,382,360,880,1734,373,0,0.225,0.383,0.259,0.286,0.271,33.1,9.2,7,41.9,79.67119805,94.49982386,30.2,51.7,46,97.5,2519,-8.9,-12.5,1.2,37.6,90.4,2698,4.8,-31.1,11.3,89.8,1666,-13.9,-31.9,5.1,80.9,2781,10.5,-47.3,,,,,,,,,,,,,,,,,,,,,,,,
"Rodón, Carlos",607074,2025,195.1,789,132,22,203,25.7,9.3,0.188,0.321,0.272,0.593,67,74,586,18,9,3.09,133,62,134,547,375,1202,2010,405,0,0.209,0.343,0.266,0.285,0.292,32.3,7.5,6.5,38.9,77.2696319,94.17991028,30.3,45.5,41.8,94.1,2347,10.8,-13.5,1.5,28.4,85.9,2633,-5.5,-37.9,16.2,85,1650,12.7,-34.2,3.8,80.3,2719,-7.3,-55.9,9.6,91.9,2256,14.6,-26.2,0.2,92.4,2383,3.6,-24.5,,,,,,,,,,,,,,
"Brown, Hunter",686613,2025,185.1,729,133,17,206,28.3,7.8,0.201,0.318,0.271,0.589,50,55,556,12,9,2.43,122,54,118,504,303,1132,1830,335,0,0.22,0.334,0.262,0.277,0.288,31.4,5.9,5,32.2,73.81662618,93.2431786,27.8,44.8,38,96.6,2273,-6.8,-12.2,1.4,4.4,90.5,2198,4,-28.1,12,88.2,1501,-14.4,-27.3,17.9,83.5,2574,5.1,-55.7,22.1,95.7,2181,-14,-16.9,5.5,92.6,2260,3.3,-24.7,,,,,,,,,,,,,,
"Bradley, Taj",671737,2025,142.2,605,131,19,127,21,9.3,0.243,0.403,0.316,0.719,80,88,428,6,8,5.05,92,73,123,336,215,868,1459,236,0,0.24,0.397,0.314,0.314,0.315,31.8,7.2,6.2,39.9,78.130635,94.19984624,23.6,48.3,46.5,96.2,2301,-6.9,-11.6,1.4,,,,,,,,,,,14.7,81.8,2557,4,-55.8,0.5,96.3,2151,-12.9,-15.3,22.8,89.7,2175,4,-28.3,15.5,91.3,1699,-12.9,-23.8,,,,,,,,,
"Bello, Brayan",678394,2025,166.2,700,147,16,124,17.7,8.4,0.237,0.355,0.314,0.669,62,71,500,11,9,3.35,132,62,131,439,223,1022,1675,232,0,0.26,0.403,0.297,0.327,0.335,30.8,7.1,5,39.3,77.39283383,94.17617116,20.1,45.8,14.8,95.1,2161,-7.7,-16.7,1.1,,,,,,15,88.7,1844,-16,-30.2,,,,,,35.4,95.3,2121,-16.9,-24.5,16,88.2,2479,0.9,-32.4,,,,,,,,,,,85.7,2475,9.9,-40.5
"Gausman, Kevin",592332,2024,181,756,165,20,162,21.4,7.4,0.238,0.392,0.296,0.688,77,86,543,14,11,3.83,124,76,161,451,305,1032,1926,314,0,0.256,0.448,0.3,0.333,0.315,35.5,9.7,7.5,42.4,79.49618183,94.74077168,23.4,49.9,51.9,94,2287,-10.7,-14.2,1.9,8.4,82.7,2239,1.3,-36.2,,,,,,,,,,,6.3,93.3,2189,-15.6,-19,,,,,,33.4,86,1764,-15.9,-30.9,,,,,,,,,
"Mikolas, Miles",571945,2025,156.1,669,169,29,100,14.9,5.5,0.272,0.492,0.313,0.805,84,87,469,8,11,4.84,110,80,153,449,168,843,1640,175,0,0.276,0.504,0.342,0.351,0.318,34,12.7,6,41.8,77.8083108,94.60171424,16.5,48,28.2,92.9,2217,-8.4,-16.9,1.5,23.4,87.8,2276,2.5,-28.3,11.5,85.9,1659,-14.6,-30.3,17.6,76,2579,8.7,-62.9,16.5,92.4,2131,-15.4,-23.1,,,,,,,,,,,,,,,,80.7,2453,12.1,-44
"Singer, Brady",663903,2025,169.2,716,150,19,163,22.8,8.4,0.238,0.404,0.314,0.718,76,80,509,14,12,4.03,136,74,142,512,266,1074,1776,275,0,0.247,0.404,0.313,0.32,0.323,36.3,9.4,6.5,40.7,79.95546803,94.5449135,24,44.4,10.5,91.3,2442,-6.3,-18.3,1.2,30.1,82.6,2432,4.9,-40.9,,,,,,,,,,,40.6,92.2,2362,-15.9,-22.2,9.7,87.4,2349,1.7,-28.1,,,,,,,,,,,81.6,2421,9.7,-39.6
"Morton, Charlie",450203,2024,165.1,701,154,23,167,23.8,9.3,0.251,0.427,0.339,0.766,77,85,496,8,10,4.19,130,76,140,462,298,1027,1764,319,0,0.243,0.402,0.335,0.326,0.333,33,9.3,5.5,38.4,77.72973688,93.92910531,26.1,46.6,28.6,94.1,2249,-13.6,-20.4,1.2,,,,,,11,85,2172,-17.2,-37.8,42.4,81.5,3085,13.6,-50.2,10.2,93.6,2130,-17.3,-27.7,7.8,88.5,2445,0,-29,,,,,,,,,,,,,,
"Blanco, Ronel",669854,2024,167.1,676,114,22,166,24.6,10.1,0.19,0.354,0.273,0.627,52,56,502,13,6,2.8,122,50,104,420,346,993,1758,356,0,0.226,0.39,0.276,0.309,0.307,30.1,9.3,4.8,35.5,78.14814367,93.70237739,29,48.6,38.3,93.4,2228,-7.3,-12.9,1.1,30.2,86.4,2091,2.2,-28.8,22.1,85.2,1485,-13.4,-32.5,9.4,80.1,2258,9.5,-44.3,,,,,,,,,,,,,,,,,,,,,,,,
"Freeland, Kyle",607536,2025,162.2,709,193,22,124,17.5,5.4,0.294,0.461,0.335,0.796,90,105,488,5,17,4.98,113,92,148,415,197,793,1689,240,0,0.285,0.461,0.341,0.34,0.327,36.8,9.4,7.2,47.3,81.01374455,95.07760348,21,51.3,33.5,91.6,2401,7.9,-17.5,1.5,,,,,,5.9,86.4,1487,12.3,-29.9,26.1,82.6,2395,-2,-46.4,6,91.3,2273,14.1,-24.7,15.6,87.3,2372,0.5,-29.6,,,,,,,,,,,83.6,2336,-9.6,-42.5
"Myers, Tobias",668964,2024,138,569,126,18,127,22.3,6.3,0.242,0.387,0.295,0.682,46,52,414,9,6,3,101,46,107,351,197,733,1419,202,0,0.251,0.419,0.297,0.317,0.306,36.4,8,6.2,38.7,79.2982097,94.361624,21.3,49.6,40.5,92.9,2225,-5,-12.6,1.6,21.1,85.5,2102,4.2,-33.8,11.4,81.1,1856,-11.7,-29.1,4.1,77.8,2367,1.8,-52.2,0,94.5,1096,-4.4,-12.4,22.8,89.2,2213,3.3,-21.7,,,,,,,,,,,,,,
"Gore, MacKenzie",669022,2025,159.2,679,152,20,185,27.2,9.3,0.252,0.402,0.325,0.727,74,75,479,5,15,4.17,127,67,132,383,344,1044,1774,379,0,0.244,0.409,0.318,0.322,0.32,35.9,10.6,6.3,44.1,79.81191882,94.95579848,29.7,49.4,49.3,95.3,2260,6.6,-13.2,1,11.8,86.7,2096,-1.1,-34.8,10.3,86.2,2093,14,-28.6,24,81.6,2344,-4.6,-54.3,,,,,,4.7,90.3,1966,-0.4,-25.4,,,,,,,,,,,,,,
"Márquez, Germán",608566,2025,126.1,591,168,23,83,14,8.1,0.317,0.545,0.378,0.923,94,106,379,3,16,6.7,107,89,173,305,144,780,1305,174,0,0.291,0.494,0.393,0.365,0.354,35.8,11.1,7.3,48.5,81.59762835,95.49998652,18.6,48,35.3,94.8,2203,-10.2,-16.3,1.5,11,88.7,2327,-0.6,-28.5,2.4,88.5,1641,-12.1,-26.3,31.5,85.5,2652,1.7,-38.2,19.8,94.2,2151,-14.3,-20.6,,,,,,,,,,,,,,,,,,,
"Lively, Ben",594902,2024,151,632,139,23,118,18.7,7.8,0.241,0.419,0.305,0.724,64,67,453,13,10,3.81,105,60,113,454,181,832,1574,189,0,0.24,0.4,0.315,0.31,0.305,30.7,6.5,8,41.5,80.45566323,94.19191479,18.6,46.6,30.6,89.9,2006,-8.5,-18.4,1.1,4.6,80.6,1978,6.2,-33.9,9.1,83.9,1701,-15,-31.3,8.6,77.1,2001,8.8,-51.1,29.8,90.4,1966,-13.3,-21.7,0.1,83.4,2020,-1.3,-29.7,,,,,,,,,,,79,2003,10.7,-41.2
"Anderson, Tyler",542881,2025,136.1,599,135,28,104,17.4,9.5,0.253,0.477,0.326,0.803,69,73,409,2,8,4.56,111,67,121,350,257,844,1495,263,0,0.257,0.477,0.341,0.347,0.331,41.8,11,6.4,36.6,76.49528387,93.85985134,25,49,38.1,89.3,2185,6.9,-15.1,1.3,3.5,80.7,2332,-3,-35.9,34,78.7,1916,13.2,-32.2,0.3,69.2,2034,-3,-67.3,3.7,88.4,2141,16.3,-24.6,20.5,84.3,2294,-1.7,-24.9,,,,,,,,,,,,,,
"Smith, Shane",681343,2025,146.1,616,117,17,145,23.5,9.4,0.216,0.363,0.305,0.668,62,70,439,7,8,3.81,108,61,120,363,269,888,1531,290,0,0.233,0.379,0.296,0.311,0.321,35.4,6.7,7.2,45.4,79.54823611,94.98340952,27.7,48.3,45.8,95.6,2278,-7.3,-15.7,1.5,11.1,89.5,2207,2.5,-30.4,16.8,90,1588,-14.6,-32.5,14.6,82.1,2216,5.9,-52.3,11.6,95.7,2126,-15.8,-20.3,,,,,,,,,,,,,,,,88.1,2150,12.6,-26.3
"Skenes, Paul",694973,2024,133,514,94,10,170,33.1,6.2,0.198,0.295,0.257,0.552,29,31,399,11,3,1.96,91,27,78,345,274,721,1404,281,0,0.192,0.297,0.247,0.247,0.253,27.8,5.2,6.2,36.3,76.61852862,93.6298531,28.7,49.8,39.2,98.8,2244,-14.4,-17.4,1.2,6.2,86.6,2323,1.6,-29.8,5.4,87.3,2044,-17.5,-32.5,10.8,83,2510,7.1,-43.6,,,,,,,,,,,28.4,94,1760,-14,-30.3,,,,,,84.7,2348,11.6,-32.7
"Verlander, Justin",434378,2025,152,662,155,16,137,20.7,7.9,0.261,0.413,0.323,0.736,65,74,456,4,11,3.85,127,68,135,436,269,900,1708,286,0,0.255,0.412,0.32,0.319,0.318,37.3,8.1,6.4,37,77.70198892,93.93879798,24.8,48.8,45.3,93.9,2433,-8.9,-12.6,1.5,23.3,87.1,2500,4.1,-30.4,8.5,84.7,1729,-13,-28.9,14.6,78.5,2748,7.5,-56.9,0.4,93.3,2474,-11.9,-15.3,,,,,,,,,,,,,,,,80.7,2672,11.6,-43.7
"Gore, MacKenzie",669022,2024,166.1,731,171,15,181,24.8,8.9,0.263,0.398,0.339,0.737,72,93,499,10,12,3.9,148,76,176,409,351,1075,1919,373,0,0.251,0.377,0.324,0.316,0.329,36.2,6.8,4.7,38.1,76.77697568,93.73951438,28.6,50.4,55.4,96,2309,5.9,-12.1,1.2,1.3,86.6,2157,-1.4,-36.2,9.3,85.9,2018,12.4,-27.7,19.4,82.8,2399,-0.5,-50.1,,,,,,14.2,91.1,2026,-1.4,-24.1,,,,,,,,,,,85.8,2256,-8.6,-34.7
"Cortes, Nestor",641482,2024,174.1,710,162,24,162,22.8,5.5,0.245,0.421,0.29,0.711,73,74,523,9,10,3.77,114,67,129,417,298,995,1854,303,1,0.235,0.396,0.307,0.295,0.281,35,7.9,7.9,43.6,79.12267623,94.47087918,24.2,50.4,44.4,92.1,2309,4.9,-13.2,1.6,0.9,81.6,2434,-2.4,-46.6,9.6,83.6,1406,13.8,-34.9,,,,,,1.2,90,2239,12.4,-20.2,28,87.5,2411,-4.6,-26.9,,,,,,,,,,,78,2577,-15,-43.1
"Eflin, Zach",621107,2024,165.1,684,166,22,134,19.6,3.5,0.254,0.404,0.283,0.687,66,71,496,10,9,3.59,104,67,121,442,222,782,1665,234,0,0.249,0.405,0.297,0.297,0.279,30,7.5,5.4,36.1,76.38875143,94.04059667,21.6,50,8.4,92.5,2204,-8.5,-19.2,1.1,0.2,80.8,2385,4.1,-33.8,6,85.6,1596,-15.2,-34.4,18.8,78.8,2496,11.2,-50.6,28.9,91.7,2095,-15.7,-28.1,28.2,88.2,2215,1.4,-26.4,,,,,,,,,,,79.7,2434,13.2,-40.6
"Hendricks, Kyle",543294,2024,130.2,567,147,21,87,15.3,7.6,0.286,0.442,0.34,0.782,86,88,392,4,12,5.92,89,82,98,395,167,754,1381,169,5,0.276,0.425,0.339,0.336,0.335,36.4,7.4,5.1,33.4,73.58719884,93.0980278,18.9,46.2,12.7,87.7,2086,-6,-21.1,1.1,,,,,,38.7,80.9,2170,-10.6,-33.4,13.1,74.3,2976,14.9,-60.5,35.5,87.6,2010,-13.4,-28.3,,,,,,,,,,,,,,,,,,,
"Sears, JP",676664,2025,135.2,583,143,30,117,20.1,6.2,0.268,0.507,0.319,0.826,76,79,407,9,11,5.04,95,73,109,393,203,855,1511,206,0,0.245,0.441,0.352,0.319,0.299,33.5,9.4,8,39.4,78.48871614,94.09399271,21.6,47.3,40.6,92.2,2019,11.9,-18.3,1.2,7.1,80.8,2292,-3.5,-32.4,15,83.4,1506,16.5,-35.9,3.7,79.5,2356,-4.6,-44.8,6.4,90.4,1889,15.8,-26.3,0.3,88.5,2118,1.6,-21.8,,,,,,,,,,,79.2,2315,-12.5,-37.5
"Senzatela, Antonio",622608,2025,130,618,192,22,73,11.8,7.6,0.347,0.547,0.402,0.949,96,103,390,4,15,6.65,127,93,155,338,169,880,1404,174,3,0.324,0.538,0.406,0.396,0.384,36.4,9.2,7,46,79.95263271,95.43301892,18.1,46.7,53.3,94.9,2227,-4.5,-18.6,1.7,19.5,86.8,2291,4.6,-32.7,7.7,87.6,2200,-9.6,-28.7,14.4,80.3,2462,5.6,-47.7,5.1,95.7,2233,-9.7,-16.5,,,,,,,,,,,,,,,,,,,
"Taillon, Jameson",592791,2024,165.1,675,154,21,125,18.5,4.9,0.243,0.387,0.28,0.667,60,67,496,12,8,3.27,112,60,120,453,197,833,1650,212,0,0.255,0.418,0.289,0.31,0.293,32.2,7.2,5.6,38.8,79.65000339,94.06790996,19.5,48.2,29.5,92.3,2283,-6.9,-15.9,0.9,,,,,,4.3,86,1899,-14.2,-27,14.7,79.6,2692,9.9,-54.1,11,92.5,2249,-12.8,-18.2,25.1,86.5,2526,5.5,-28.1,,,,,,,,,,,80.4,2733,15.7,-42
"Ortiz, Luis L.",682847,2024,135.2,556,109,16,107,19.2,7.6,0.218,0.372,0.288,0.66,50,56,407,7,6,3.32,105,55,118,346,187,767,1376,190,14,0.24,0.425,0.287,0.32,0.31,34.9,8.8,6.5,37.7,78.24077553,94.10121864,21,48.1,26.7,95.9,2277,-11.3,-18.4,1.2,26.8,85.8,2441,6.6,-34.8,0.9,90.6,1764,-16,-28.8,,,,,,25.9,94.9,2279,-15.7,-27.2,19.7,90.9,2403,0.6,-25.5,,,,,,,,,,,,,,
"Fedde, Erick",607200,2024,177.1,726,154,20,154,21.2,7.2,0.233,0.381,0.291,0.672,65,66,532,9,9,3.3,120,64,130,465,248,1110,1781,252,0,0.245,0.395,0.293,0.307,0.304,32.4,7.6,6,37.7,77.50250055,93.94163216,21.6,45.5,0.7,93.3,2076,-3.2,-19.5,1.2,,,,,,16.4,87.7,1730,-10.9,-31.8,,,,,,30.5,93,1987,-9.1,-22.3,32.3,89.9,2150,2.8,-26.5,,,,,,,,,,,83.5,2356,11.7,-34.4
"Crochet, Garrett",676979,2025,205.1,814,165,24,255,31.3,5.7,0.217,0.353,0.264,0.617,59,62,616,18,5,2.59,148,57,146,483,407,1037,2114,435,0,0.212,0.344,0.27,0.267,0.26,32.2,7.3,6.7,37.3,75.53865522,93.9771349,29.4,51.8,36.2,96.4,2460,8,-13.6,1.3,,,,,,4.3,87.7,1711,12,-29.3,,,,,,15.8,96,2399,16.3,-21.7,27.8,90.9,2596,-3.7,-26.8,,,,,,,,,,,82.7,2378,-13.8,-43.2
"Irvin, Jake",663623,2025,180,787,195,38,124,15.8,7.9,0.272,0.492,0.334,0.826,114,120,540,9,13,5.7,133,110,166,524,223,1044,1901,228,0,0.277,0.497,0.355,0.36,0.339,34.8,11.9,5.2,47.1,79.31372486,95.15831855,18.2,46.8,32.2,92.4,2332,-9.4,-17.4,1.6,4.4,83.8,2491,7.4,-38.2,7.7,85.6,2199,-15.6,-32.6,29.6,77.8,2486,14.8,-49.6,21.9,91.9,2290,-16.5,-26,4.1,87.4,2465,2.8,-28.9,,,,,,,,,,,,,,
"Taillon, Jameson",592791,2025,129.2,519,110,24,98,18.9,5.2,0.225,0.427,0.265,0.692,53,54,389,11,7,3.68,78,49,77,375,174,645,1334,184,0,0.243,0.418,0.297,0.305,0.283,33,8.1,6.6,38.3,77.11336636,93.81574251,20.8,48.5,38.5,92.3,2321,-7.4,-14.1,0.9,,,,,,11.2,84,1753,-15.5,-31.1,13.7,79.6,2580,9.4,-52.8,6.9,92.3,2212,-13.2,-17.9,14.6,85.8,2533,6.4,-28.8,,,,,,,,,,,80.2,2719,15.9,-43.4
"Suárez, Ranger",624133,2024,150.2,626,140,14,145,23.2,6.5,0.243,0.379,0.299,0.678,58,63,452,12,8,3.46,110,61,129,411,201,830,1524,222,0,0.25,0.366,0.297,0.297,0.306,32.9,5.1,6,34.3,74.74350722,93.61882976,21.9,47.3,19.6,91.8,2010,5.3,-20,1.1,0.1,81.3,2016,-7.6,-43.6,16.3,80,1231,10.7,-41.2,20.5,74.4,2174,-11.7,-59.7,31.4,90.8,1901,15.2,-28.3,12.1,86.5,2065,-3.7,-31.2,,,,,,,,,,,,,,
"Cease, Dylan",656302,2024,189.1,762,137,18,224,29.4,8.5,0.2,0.332,0.269,0.601,73,80,568,14,11,3.47,108,68,124,463,442,1189,1999,470,0,0.21,0.358,0.266,0.283,0.28,32.4,8.5,7.2,38.6,78.28270224,94.08470927,32.4,48.2,43.5,96.9,2557,-2.5,-10.8,1.3,43,87.7,2780,2.2,-33.6,0.9,69.7,1554,-4.3,-39.3,7.9,82.3,2723,3.1,-56.6,0.1,98.1,2655,-10,-12.5,0.6,91.8,2658,3,-26.2,,,,,,,,,,,82.6,2891,11.2,-51.6
"Ray, Robbie",592662,2025,182.1,755,148,22,186,24.6,9.7,0.221,0.383,0.298,0.681,74,81,547,11,8,3.65,128,73,135,443,368,1114,1955,384,0,0.221,0.373,0.299,0.298,0.301,35.4,9.6,6.5,44.7,81.35748277,94.73472169,27.8,49.3,52,93.6,2360,8.2,-13.2,1.5,22.5,87.9,2269,0.5,-26.1,13,84.8,1650,11.4,-26.3,12.1,81.2,2185,-1.6,-46.7,,,,,,,,,,,,,,,,,,,,,80,2206,-10.1,-47.7
"Ryan, Joe",657746,2024,135,538,110,19,147,27.3,4.3,0.217,0.4,0.257,0.657,54,59,405,7,7,3.6,71,52,90,359,259,674,1432,264,0,0.208,0.353,0.282,0.264,0.249,33.6,8.5,6.6,36.6,77.14852283,93.9143473,26.6,50.9,48.3,94,2278,-11.8,-17.2,1.2,7.1,87.1,2416,2.7,-31.5,,,,,,,,,,,6.2,92.9,1952,-15.7,-24.3,,,,,,22.2,88.5,2006,-14.3,-34.8,,,,,,81.3,2728,15,-39.2
"Marsh, Alec",679525,2024,129,548,123,19,123,22.4,7.1,0.249,0.434,0.316,0.75,65,70,387,9,9,4.53,86,65,120,364,206,769,1392,216,0,0.264,0.453,0.325,0.341,0.331,38,9.6,8.6,40.9,78.82717816,94.62394504,23.5,47.6,37,94.2,2499,-9.7,-15.9,1.4,17.9,86.6,2464,3.3,-36.1,10,86.3,1748,-14.7,-33.2,16.4,82.8,2509,7.5,-47,13.8,93.6,2389,-16.8,-24,,,,,,,,,,,,,,,,86.1,2478,11,-38.8
"Patrick, Chad",694477,2025,119.2,503,113,13,127,25.2,8,0.248,0.387,0.313,0.7,47,49,359,3,8,3.53,94,44,99,290,207,713,1297,211,0,0.242,0.393,0.307,0.308,0.308,40.1,8.1,6.6,42.2,78.48028159,94.36907759,23.5,50.1,21.9,94.2,2331,-7.1,-14.4,1.3,5.5,84.2,2442,8.4,-33.1,6.1,88.7,2031,-12.3,-31.1,,,,,,23.6,94.1,2196,-15.3,-20,41.2,87.9,2411,3.8,-23.2,0.3,87.7,1357,-12,-30.2,,,,,,,,,
"López, Reynaldo",625643,2024,135.2,543,108,10,148,27.3,7.7,0.22,0.333,0.28,0.613,30,32,407,8,5,1.99,108,28,100,346,229,730,1380,258,0,0.241,0.392,0.271,0.307,0.303,37.3,8.8,4.8,42.2,79.43965098,94.31776747,27.5,49,55.2,95.5,2073,-7.4,-13.6,1.6,29.4,85,2358,5.5,-39.6,3.9,86.1,1561,-10.2,-25.8,11.6,77,2426,7,-54,,,,,,,,,,,,,,,,,,,,,,,,
"Keller, Mitch",656605,2024,178,773,182,23,166,21.5,6.5,0.261,0.446,0.321,0.767,84,90,534,11,12,4.25,150,86,179,532,255,962,1889,264,0,0.248,0.408,0.331,0.319,0.313,38,7.2,6.1,39.3,77.85902613,94.07807909,21.5,47.6,30.3,94.4,2404,-9.1,-16.2,1.5,9.5,87.5,2496,4.7,-34.6,1,89.6,2104,-15.9,-30.7,9.6,78.3,2652,13.4,-58,21.8,93.4,2443,-14.9,-22.9,12.3,90.4,2490,3,-25.7,,,,,,,,,,,82.9,2786,17.5,-40.1
"Severino, Luis",622663,2024,182,761,166,23,161,21.2,7.9,0.243,0.383,0.313,0.696,79,86,546,11,7,3.91,135,77,145,423,264,1006,1884,276,0,0.24,0.376,0.308,0.305,0.311,30.4,5.7,4,35.6,75.27241858,93.51566919,22,50.6,35.7,96.2,2220,-6.5,-13.9,1.4,7,86.8,2544,7.2,-35.4,7.5,86.1,1583,-14,-29.8,,,,,,24.6,95.6,2090,-14.5,-18.4,8.1,92.6,2297,1.3,-24,,,,,,,,,,,85.1,2592,15,-35.2
"Harrison, Kyle",690986,2024,124.1,532,125,18,118,22.2,7.9,0.263,0.433,0.328,0.761,63,65,373,7,7,4.56,100,62,109,371,195,748,1330,198,0,0.257,0.436,0.33,0.338,0.328,34.2,10.1,6.3,44.1,80.40509807,94.93366332,23.6,46.2,57.6,92.6,2203,14.7,-21.3,1.4,,,,,,19.8,84.8,1946,16.4,-37.1,0,73.7,1784,-5.6,-61.4,0,92.7,2918,14.2,-20.9,0.3,88.2,2165,1.5,-30.9,,,,,,,,,,,,,,
"Buehler, Walker",621111,2025,126,564,130,22,92,16.3,10.6,0.265,0.437,0.357,0.794,69,73,378,10,7,4.93,112,68,101,372,164,840,1349,171,0,0.272,0.446,0.348,0.356,0.364,35.8,9.5,6.3,37.8,75.99412161,94.03109665,19.2,44.6,25.3,94,2249,-5.7,-14.2,1.3,14.9,87.5,2525,8.3,-31.8,6.9,89.7,1560,-15.9,-28.9,12.9,77.4,2435,11.3,-61,16.4,93.8,2123,-15.3,-20.3,16.9,90.6,2414,4.4,-22.2,,,,,,,,,,,80.8,2715,16.5,-40.9
"Gibson, Kyle",502043,2024,169.2,722,161,23,151,20.9,9.4,0.251,0.418,0.324,0.742,80,91,509,8,8,4.24,126,81,132,465,251,1113,1651,288,0,0.263,0.429,0.323,0.338,0.338,34.3,9.2,5.2,39.1,76.55865453,94.0716403,25.9,42.9,13.3,91.4,2232,-4.5,-16.7,1.3,,,,,,9.9,84.9,1712,-12.7,-33.2,8.6,78.3,2378,6.4,-54.1,26.4,90.7,2027,-13.2,-25.6,21.1,88.6,2336,2.8,-26,,,,,,,,,,,80.7,2402,12.5,-42.5
"Springs, Jeffrey",605488,2025,171,713,153,28,138,19.4,7.6,0.236,0.422,0.295,0.717,78,90,513,11,11,4.11,112,80,131,475,307,1054,1793,314,0,0.251,0.418,0.309,0.318,0.31,38.2,8.1,8.3,37.3,76.96531981,93.91126218,26,46.3,42.7,90.7,2171,11.3,-17.5,1.3,20.7,83.5,2226,-4,-36.6,25.3,79.1,1395,12.5,-37,,,,,,,,,,,5.4,86.9,2204,0.3,-27.7,,,,,,,,,,,76.1,2322,-15.2,-48.2
"Quantrill, Cal",615698,2025,117.2,513,136,22,85,16.6,6.8,0.288,0.515,0.343,0.858,79,81,353,4,12,6.04,78,74,109,321,161,748,1256,173,0,0.286,0.512,0.367,0.367,0.342,39.4,12.4,5.9,44.3,79.66684958,94.98047299,20.2,46.7,20.4,93.6,2137,-10.2,-14.9,1,8.2,84.9,2441,3.5,-38.2,0.2,87.7,1713,-14.4,-25.5,11.8,79.9,2524,4,-49.7,16.6,93.8,2102,-15.4,-18.8,21.7,88.9,2306,2.2,-26,21,86.3,1124,-11.7,-30.8,,,,,,,,,
"Wacha, Michael",608379,2025,172.2,716,166,15,126,17.6,6.3,0.252,0.383,0.302,0.685,74,74,518,10,13,3.86,127,61,125,403,249,920,1746,261,0,0.26,0.416,0.299,0.317,0.31,36.7,7.4,5.6,34.6,76.05657451,93.52351913,21.3,50.4,29,93,2153,-6.6,-13.7,1.4,11.8,84.8,1956,4.1,-33.7,25.4,79.8,1537,-13,-35.6,7.7,75.1,2260,11.5,-60.7,10.7,93.2,2046,-12.8,-16.4,15.4,88.1,2113,1.9,-25.5,,,,,,,,,,,,,,
"Leiter, Jack",683004,2025,151.2,646,127,18,148,22.9,10.4,0.222,0.361,0.309,0.67,65,69,455,10,10,3.86,116,55,112,386,265,962,1622,274,0,0.238,0.419,0.298,0.326,0.324,33.8,10.8,7,43.9,80.05193703,94.83295847,24.3,47.8,38.4,97.2,2422,-8.7,-11.8,1.4,23.3,87.6,2544,4.2,-34.3,16.4,90.7,1523,-14.5,-30.6,9.4,81.9,2630,6.3,-50.6,12.4,96.4,2353,-14,-14.8,,,,,,,,,,,,,,,,,,,
"Estes, Joey",683155,2024,127.2,543,130,23,92,16.9,5,0.259,0.473,0.308,0.781,71,73,383,7,9,5.01,81,63,100,275,185,627,1400,188,0,0.245,0.452,0.333,0.323,0.296,37.2,9.7,9.4,39.6,79.1148759,94.15426483,19.2,55.5,51.3,92.4,2374,-9.6,-15.6,1.3,13.6,81.7,2481,5.6,-40.6,11,84.8,1655,-14.6,-29.4,,,,,,3.9,90.8,2209,-15.3,-20.8,0.7,86.4,2579,3.8,-29.9,,,,,,,,,,,78.2,2605,15.5,-38.9
"Abbott, Andrew",671096,2024,138,586,127,25,114,19.5,8.9,0.24,0.439,0.309,0.748,57,60,414,10,10,3.72,108,54,92,380,205,843,1490,216,0,0.234,0.403,0.323,0.31,0.305,36.6,9.3,5.5,33.5,78.18333039,93.1776091,22.6,47.6,53.5,92.8,2254,8.9,-15.5,1,0.2,85.1,2613,-4.5,-26.7,16.3,84.8,2115,14.8,-25.6,11.6,80.8,2790,-8.8,-45.7,,,,,,,,,,,,,,,,,,,,,82.9,2730,-12.6,-35.3
"Sánchez, Cristopher",650911,2024,181.2,754,182,11,153,20.3,5.8,0.258,0.358,0.301,0.659,67,76,545,11,9,3.32,136,60,151,454,300,901,1896,316,0,0.258,0.362,0.29,0.293,0.301,30.2,5.4,4.1,34.5,75.18960646,93.87069305,24.3,51.6,,,,,,,16.8,84.4,2019,-1,-41.6,35.7,85.1,2018,17.9,-37.2,,,,,,47.3,94.5,2111,17.8,-23.2,0.2,84.9,2012,-0.2,-35.2,,,,,,,,,,,,,,
"Falter, Bailey",663559,2024,142.1,589,138,17,97,16.5,7.6,0.26,0.424,0.315,0.739,70,72,427,8,9,4.43,92,66,114,354,181,726,1412,186,0,0.267,0.45,0.32,0.336,0.324,36.6,9,7.4,41.3,79.92038041,94.43066048,19.6,49.5,46.8,91.8,2038,2.6,-14.6,1.2,21.6,86.1,1978,-3.3,-30.5,,,,,,15.2,77.7,1888,-3.7,-48.6,15.8,92,1920,7.9,-15.4,,,,,,0.6,86.9,1530,7.3,-21.2,,,,,,,,,
"Mikolas, Miles",571945,2024,171.2,720,194,26,122,16.9,3.5,0.284,0.485,0.312,0.797,102,106,515,10,11,5.35,105,95,134,514,181,844,1861,189,0,0.277,0.458,0.339,0.331,0.307,38.1,8.1,8.8,42.3,77.51144944,94.25374515,16.4,49.8,27.9,93.2,2253,-6.3,-17.7,1.4,24.3,86.5,2322,3.3,-33.3,8.5,85.6,1676,-14.2,-30.8,12.1,76.3,2520,7.9,-61.5,23,92.4,2153,-13.9,-22.6,,,,,,,,,,,,,,,,80.8,2385,12.5,-43.6
"Wheeler, Zack",554430,2025,149.2,585,107,19,195,33.3,5.6,0.197,0.349,0.253,0.602,45,48,449,10,5,2.71,93,42,74,344,327,845,1549,347,0,0.19,0.306,0.263,0.246,0.246,36.7,7.2,6.6,34.1,76.48060897,93.22780997,31.5,50.3,41,96.1,2470,-10.1,-15.1,1.3,,,,,,,,,,,9.8,81.1,2810,12.5,-52.2,17,95.4,2310,-17.6,-22.8,8.6,91.8,2564,0.8,-22.9,8.9,87.1,1534,-13.2,-31.8,,,,,,83.7,2669,13.6,-36.5
"Crochet, Garrett",676979,2024,146,595,123,18,209,35.1,5.5,0.222,0.371,0.271,0.642,58,61,438,6,12,3.58,98,53,109,348,384,773,1622,389,0,0.203,0.339,0.28,0.262,0.254,34.5,9.2,5.5,38.8,76.53627192,94.14612747,33.1,53.2,53.6,97.2,2500,8.1,-13.5,1.4,,,,,,5.9,91,2082,15.9,-24.1,,,,,,2.2,97.9,2518,15.5,-20.3,28.5,91.5,2603,-3.8,-26.7,,,,,,,,,,,84.2,2455,-14.4,-39.3
"Rea, Colin",607067,2025,159.1,662,155,20,127,19.2,6.6,0.258,0.413,0.312,0.725,70,73,478,11,7,3.95,114,67,105,440,228,887,1647,233,1,0.265,0.429,0.314,0.328,0.321,38.8,10.3,6.8,41,79.31218113,94.44368251,22,47.6,42.1,93.8,2194,-8.5,-17.1,1.1,10.2,85.2,2219,4,-39.5,,,,,,9.2,80.3,2210,10.2,-50,10,93.1,2153,-14.9,-23.5,7.3,88.2,2209,1.6,-27.2,12.1,87.4,1418,-13.3,-36.1,,,,,,82.8,2449,13.8,-38
"Fried, Max",608331,2024,174.1,714,146,13,166,23.2,8,0.226,0.315,0.295,0.61,63,71,523,11,10,3.25,119,61,120,487,258,1007,1755,284,0,0.245,0.359,0.273,0.299,0.312,30.4,5,4.3,34.6,73.87129218,93.36271584,24.1,45.9,32.3,93.9,2225,-0.2,-19.8,1.7,5.9,83.6,2619,-5.1,-43.7,13.7,85.7,1421,12.1,-32.7,20.9,74.6,2840,-10.5,-66.6,16.6,93.5,2040,10.2,-22.8,4.9,88.3,2355,-3.1,-31.8,,,,,,,,,,,80.5,2821,-16.2,-50.3
"Falter, Bailey",663559,2025,125.1,518,115,19,81,15.6,8.9,0.248,0.433,0.315,0.748,62,68,376,7,7,4.45,80,56,97,330,139,705,1246,146,0,0.267,0.455,0.324,0.34,0.332,32.3,9.5,7.2,45.1,79.79324244,94.94915832,18.1,47,47,92.2,2118,3.5,-13.7,1.2,18,85.1,2047,-4.7,-31.3,,,,,,13.6,78,1872,-3.7,-47,13.7,92.1,2073,7.6,-14.3,,,,,,7.7,85.3,933,3.8,-27.1,,,,,,,,,
"Sale, Chris",519242,2024,177.2,702,141,9,225,32.1,5.6,0.216,0.319,0.269,0.588,47,48,533,18,3,2.38,126,42,133,512,379,924,1891,397,0,0.213,0.317,0.26,0.261,0.266,34.9,5.6,4.9,31.2,75.01680509,93.04619066,31,49,38.2,94.8,2240,14.9,-20.5,1.8,40.3,78.6,2334,-11,-49.3,14.2,86.9,1881,16.2,-36.2,,,,,,7.3,93.9,2088,17.8,-28.5,,,,,,,,,,,,,,,,,,,
"Berríos, José",621244,2024,192.1,786,168,31,153,19.5,6.9,0.235,0.406,0.3,0.706,77,79,577,16,11,3.6,141,77,133,548,245,1004,1910,262,0,0.265,0.44,0.308,0.334,0.327,36.3,7.8,7.3,41.8,79.08783914,94.18844993,21.1,46.7,18.6,94.1,2164,-9.6,-16,1.4,,,,,,16,84.8,1588,-14.5,-33.4,,,,,,33.4,93.4,2049,-15.8,-20.4,3.5,91.4,2257,-1.4,-21.3,,,,,,,,,,,,,,
"Lynn, Lance",458681,2024,117.1,511,113,16,109,21.3,8.6,0.247,0.402,0.316,0.718,50,64,352,7,4,3.84,92,52,114,287,201,766,1273,203,0,0.262,0.454,0.314,0.34,0.329,37,10.5,6.5,39.3,77.57723469,94.25937946,24.1,48.4,47.3,92.3,2455,-4.1,-19,1.5,,,,,,6.3,84.8,1761,-13.9,-30.9,6.2,80.4,2527,6.7,-50.9,16.7,91.1,2378,-12.8,-24.8,22.3,88.1,2647,1.7,-29.6,,,,,,,,,,,82,2694,14.6,-41.2
"Greene, Hunter",668881,2024,150.1,611,96,12,169,27.7,9.3,0.183,0.298,0.283,0.581,46,47,451,9,5,2.75,108,44,108,350,326,916,1647,334,0,0.188,0.302,0.265,0.271,0.289,29,5.2,5.7,32.5,76.32124309,93.1671505,29.7,50.6,55.2,97.6,2378,-8.9,-12.2,1.5,34.6,86.8,2378,6.1,-32.3,,,,,,1.8,81.1,2377,11.5,-42,0,100,2968,-11.6,-13,,,,,,8.3,87,1202,-9.1,-31.7,,,,,,,,,
"Stone, Gavin",694813,2024,140.1,580,133,18,116,20,6.4,0.248,0.402,0.297,0.699,55,55,421,11,5,3.53,102,49,106,321,236,746,1407,250,0,0.253,0.395,0.304,0.306,0.303,32.5,6.4,4.5,36.2,77.1074401,93.70292555,24.7,50.4,25.7,94.9,2237,-8.6,-14,1.3,14.8,88.8,2084,2.4,-33.6,26.7,87.5,1665,-13.8,-30.2,4.2,83.3,2319,2.7,-45.6,21.6,95.3,2093,-14.7,-17.9,5.3,92.3,2341,-1.5,-20.5,,,,,,,,,,,87.7,2242,8.6,-36
"Paddack, Chris",663978,2025,158,670,166,31,112,16.7,5.5,0.268,0.483,0.308,0.791,94,98,474,5,12,5.35,96,91,110,353,229,896,1669,239,3,0.278,0.478,0.336,0.343,0.32,35.9,10.2,8.7,45.6,79.94424231,95.13075945,20.7,51.3,44.2,93.7,2241,-8.9,-13.2,1.6,9,85.6,1984,2.9,-31.5,23.5,84.5,1808,-14.9,-33.9,11.9,78.2,2112,5.5,-58.1,4.4,93.5,2135,-13.6,-17.1,7,88.6,2031,0.5,-24.3,,,,,,,,,,,,,,
"Pivetta, Nick",601713,2024,145.2,595,128,28,172,28.9,6.1,0.231,0.439,0.277,0.716,67,70,437,6,12,4.14,86,62,92,386,254,801,1586,269,1,0.22,0.406,0.306,0.291,0.268,38.9,10.1,8,38.9,79.2257587,93.96201671,25.6,50.3,48.5,93.9,2311,-4,-11.2,1.3,3.5,83.9,2425,3.7,-43.9,,,,,,16.3,80,2814,7.8,-58.2,0.1,92.7,2236,-5.6,-11.2,5.9,88.3,2341,4.6,-28.3,,,,,,,,,,,82.4,2477,13.6,-36.4
"Walker, Taijuan",592836,2025,123.2,538,132,21,86,16,7.8,0.27,0.444,0.331,0.775,56,62,371,5,8,4.08,108,56,102,359,150,773,1288,154,3,0.26,0.424,0.337,0.326,0.323,32.3,7.4,7.1,41.4,79.17465274,94.26553494,18.5,45.1,9.5,92.2,2128,-9.1,-15.1,1.3,11.3,83.6,2467,6.8,-33.8,,,,,,6.5,74.9,2420,6.8,-59.2,20.2,92,1963,-14.7,-19.9,30.1,87.1,2434,3,-23.1,22.5,87.4,1454,-12.4,-31.9,,,,,,,,,
"Nelson, Ryne",669194,2025,154,619,124,17,132,21.3,6.6,0.217,0.381,0.273,0.654,58,62,462,7,3,3.39,98,56,98,371,224,853,1613,233,1,0.246,0.4,0.284,0.305,0.3,36.2,7.5,8.4,45.5,81.99015664,94.98451966,21.6,50.4,61.9,95.7,2270,-3.2,-10.8,1.3,12.1,86.3,2415,5.2,-36,2.8,87,1799,-13.1,-23.5,10.9,80,2568,7.8,-51.2,,,,,,12.2,90.5,2227,2.4,-26.3,,,,,,,,,,,,,,
"Liberatore, Matthew",669461,2025,151.2,648,158,19,122,18.8,6.2,0.266,0.423,0.313,0.736,71,79,455,8,12,4.21,113,66,122,403,194,834,1554,212,0,0.275,0.458,0.318,0.339,0.324,36.3,10.6,5,41.1,80.50617447,94.74102241,20.2,48.2,29.6,93.9,2113,7.2,-14.7,1.5,21.1,86.4,2689,-4,-35.2,12.4,88.5,1803,15.1,-25,15.8,77.4,2964,-9.6,-64.3,10.7,94,2101,12.9,-17,10.5,90.2,2502,-2,-22.7,,,,,,,,,,,,,,
"Corbin, Patrick",571578,2025,155.1,663,161,21,131,19.8,7.7,0.267,0.43,0.326,0.756,76,79,466,7,11,4.4,110,71,141,415,276,974,1614,300,0,0.269,0.431,0.328,0.334,0.331,34.7,8.4,6.5,40.4,78.28724648,94.30191262,26.9,46.3,3.3,91.5,2145,8.8,-17.9,1.3,33.5,80.4,2229,-2.4,-42.1,9.2,81.5,1524,12.6,-32.8,0.6,68.7,1913,-2.7,-61.3,28.2,91.6,2091,15.3,-22,25.2,87.5,2324,-0.9,-29.2,,,,,,,,,,,,,,
"Abbott, Andrew",671096,2025,166.1,684,148,19,149,21.8,6.3,0.235,0.374,0.285,0.659,53,60,499,10,7,2.87,124,55,121,434,284,904,1773,294,0,0.235,0.378,0.288,0.294,0.288,34.8,8,5.9,33.7,77.083824,93.25435499,24,50,47.2,92.8,2275,9.1,-15.7,1.2,,,,,,19.6,84.8,1984,15.2,-27.8,15.1,81,2800,-10,-44.8,,,,,,4.3,88.6,2501,-0.5,-26.2,,,,,,,,,,,82.8,2782,-11.4,-36.7
"Miller, Bryce",682243,2024,180.1,704,131,21,171,24.3,6.4,0.2,0.338,0.254,0.592,59,62,541,12,8,2.94,106,53,101,446,286,959,1790,303,0,0.229,0.406,0.26,0.299,0.282,32.8,9.7,6.6,41.2,80.65022217,94.32814163,24.4,48.9,42.1,95.2,2484,-6.3,-11.9,1,8.3,86.6,2541,3.2,-34.9,,,,,,4.5,85,2332,1.7,-44.6,17.3,94.7,2406,-15.9,-19.6,2.3,92.1,2552,0.3,-18.6,17.1,84.4,912,-9.9,-38.2,,,,,,82.4,2258,14.8,-45.7
"Gomber, Austin",596295,2024,165,696,178,30,116,16.7,5.5,0.273,0.482,0.312,0.794,87,89,495,5,12,4.75,110,87,142,458,203,897,1725,227,0,0.277,0.482,0.339,0.344,0.317,37.7,9.6,8.5,41.2,80.0362653,94.43249207,19.9,48.3,40.4,90.4,2180,7.6,-16.4,1.5,16.7,83.8,2409,-5.1,-35.3,20.5,81.1,1664,10.1,-31,22.4,77.6,2555,-7.5,-56.3,0,90.2,2082,14.7,-18.5,,,,,,,,,,,,,,,,,,,
"Parker, Mitchell",680730,2024,151,646,154,18,133,20.6,6.7,0.259,0.408,0.309,0.717,72,82,453,7,10,4.29,104,72,121,370,235,799,1605,248,0,0.256,0.434,0.311,0.322,0.308,35.3,8.1,7.9,38.9,79.5093507,94.14067282,22.3,51.4,48.6,92.5,2191,5.2,-14.4,1.3,9.8,84.5,2295,-5.7,-34.7,,,,,,22.5,80.5,2266,-2.4,-50,,,,,,,,,,,19.1,85.6,1000,6.9,-29.1,,,,,,,,,
"Wheeler, Zack",554430,2024,200,787,139,20,224,28.5,6.6,0.192,0.328,0.253,0.581,57,62,600,16,7,2.57,134,59,129,451,388,1078,2056,406,0,0.197,0.328,0.256,0.261,0.258,32.6,8.3,5.4,33.6,74.93491968,93.04672804,27.5,51.2,41.4,95.3,2431,-9.5,-15.5,1.2,,,,,,,,,,,10.1,81.8,2716,8.6,-49.8,19,94.6,2271,-17.2,-23.9,9.6,91.1,2531,0.9,-24.3,7.3,86.2,1555,-12.8,-31.4,,,,,,85,2571,9.8,-33.9
"Lord, Brad",695418,2025,130.2,546,126,17,108,19.8,7.9,0.255,0.415,0.317,0.732,63,65,392,5,10,4.34,97,62,110,313,196,752,1376,196,14,0.273,0.431,0.319,0.335,0.334,34.4,7.1,8.2,41.8,76.26194774,94.57853226,21.3,50,48.2,94.7,2330,-15.6,-20,1.4,20.3,85.5,2513,0.8,-36.8,13.1,85.9,1957,-17.8,-31.8,,,,,,18.3,94.4,2225,-18.1,-26.2,,,,,,,,,,,,,,,,,,,
"Bibee, Tanner",676440,2024,173.2,710,150,22,187,26.3,6.2,0.23,0.406,0.285,0.691,67,70,521,12,8,3.47,121,65,127,435,348,962,1889,351,0,0.237,0.392,0.299,0.3,0.292,37.4,7,9.1,36.9,77.50410868,93.7193291,26.9,51,43.4,94.6,2361,-4.2,-14.7,1.4,,,,,,18,82.5,1992,-13.7,-28.6,6.1,80.5,2680,13.7,-48.9,0.4,94,2081,-13.8,-22,25.8,86.4,2738,8.3,-32.8,,,,,,,,,,,82.9,2683,16.1,-40.1
"Canning, Griffin",656288,2024,171.2,739,174,31,130,17.6,8.9,0.265,0.459,0.334,0.793,99,105,515,6,13,5.19,119,92,121,416,297,1065,1804,316,0,0.259,0.438,0.341,0.334,0.33,32.4,8.6,5.4,41.9,80.44388652,94.70050589,24.5,48.4,37.3,93.4,2118,-8.1,-15.2,1,24.1,87.7,2672,-0.1,-36.7,26.7,88.6,1770,-16.4,-30.6,10.7,80.5,2377,12.4,-48.4,1.3,92.9,1975,-13.8,-18.8,,,,,,,,,,,,,,,,,,,
"Skubal, Tarik",669373,2024,192,753,142,15,228,30.3,4.6,0.201,0.311,0.247,0.558,51,54,576,18,4,2.39,122,49,121,501,406,881,1985,420,0,0.207,0.328,0.246,0.257,0.253,33.1,6.7,4.2,33.9,76.23653051,93.34039981,31.9,51.8,33.2,96.9,2226,6.5,-12.9,1.6,14.9,88.7,2105,-2.3,-28.5,27,86.3,1689,14.9,-30.8,4.2,78.5,2322,-5.6,-52.2,20.6,96.6,2116,14.5,-17.1,,,,,,0.1,86.8,930,15.5,-31.6,,,,,,,,,
"Corbin, Patrick",571578,2024,174.2,764,208,25,139,18.2,7.1,0.298,0.486,0.348,0.834,109,114,524,6,13,5.62,138,102,172,439,262,1057,1831,294,0,0.295,0.472,0.357,0.357,0.347,37.3,8.3,7.7,46.7,79.87784313,95.30570991,22.4,48.2,5.7,91.3,2149,7.8,-18.4,1.2,34.2,80,2202,-2.7,-42.5,3.3,81.1,1574,12.7,-31.9,1.8,69.7,1935,-3,-57.2,35.7,91.5,2084,13.9,-21.8,19.2,85.7,2296,-2.1,-32.5,0,77,1133,11.1,-41.5,,,,,,,,,
"Burnes, Corbin",669203,2024,194.1,784,165,22,181,23.1,6.1,0.226,0.347,0.274,0.621,63,76,583,15,9,2.92,132,68,163,469,345,1064,1932,386,0,0.231,0.367,0.273,0.284,0.28,26.8,6.7,3.6,31.6,76.69380383,93.20622916,28.6,48.8,0.1,96.3,1805,-13,-20.7,1.4,12.8,87.6,2982,8.3,-36.7,11.1,89.2,2037,-14.1,-27.5,21.5,80.3,2877,10,-55.6,7.7,97,2520,-12.2,-18.7,45,95.3,2738,2.4,-17.5,,,,,,,,,,,84.2,2970,17,-39.7
"Singer, Brady",663903,2024,179.2,762,175,22,170,22.3,7.1,0.253,0.405,0.315,0.72,74,77,539,9,13,3.71,148,71,151,537,296,1105,1862,305,0,0.267,0.426,0.316,0.331,0.329,35.6,8,5.9,41.7,77.27500158,94.4311359,25.1,44.7,11,91.7,2364,-5.8,-18.8,1.2,40.3,83,2407,4.5,-40.5,1.8,88,2074,-14.7,-29.6,,,,,,41.6,92.2,2277,-14.3,-22.6,0,82.8,2450,8.6,-30.9,,,,,,,,,,,82.1,2426,10.7,-37.9
"Quantrill, Cal",615698,2024,148.1,656,156,23,110,16.8,10.5,0.273,0.461,0.361,0.822,82,83,445,8,11,4.98,132,74,133,403,217,1031,1612,228,0,0.274,0.434,0.358,0.351,0.362,37.1,7.3,7.7,41.2,77.92321026,94.35473824,21.6,45.7,35.9,93.9,2188,-10.5,-16.9,1,0.6,84,2453,3.6,-38.4,2.6,84.9,1555,-11.5,-29.8,11.8,79.4,2431,2.9,-47.5,4.3,93.8,2137,-15.2,-17.6,13,87.7,2369,3.2,-30.3,31.9,86.6,1038,-9.3,-31.8,,,,,,,,,
"Imanaga, Shota",684007,2024,173.1,694,149,27,174,25.1,4,0.225,0.385,0.259,0.644,56,66,520,15,3,2.91,107,60,98,335,365,812,1778,376,0,0.234,0.389,0.279,0.285,0.268,36,8.6,5.7,39.3,77.58623086,93.93142473,28.3,55.7,51.9,91.7,2442,10.2,-14.4,1.3,,,,,,3.8,81.6,1678,12,-31.5,3.3,72.5,2414,-8.9,-65.2,2.2,89,1867,14.6,-24.9,0.5,89.8,2387,0.4,-19.9,30.8,82.9,1119,10.2,-33,,,,,,81.6,2512,-10.1,-38
"Priester, Quinn",682990,2025,157.1,653,145,18,132,20.2,7.7,0.245,0.4,0.309,0.709,58,62,472,13,3,3.32,120,54,129,410,241,919,1549,254,2,0.238,0.359,0.31,0.295,0.304,28.6,7.3,5.4,39.4,78.20206904,94.11122105,24.5,46.2,,,,,,,27.2,86.1,2469,4.1,-37.2,1.5,88.4,1415,-13,-30.4,9.2,80.9,2663,4.6,-50.4,41.7,93.9,2044,-14.6,-23.9,20.4,92.3,2353,0.6,-20.7,,,,,,,,,,,,,,
"Peralta, Freddy",642547,2025,176.2,723,124,21,204,28.2,9.1,0.193,0.327,0.277,0.604,53,54,530,17,6,2.7,137,45,111,456,383,1184,1902,399,0,0.21,0.36,0.27,0.291,0.292,33.9,9.3,5.2,34.5,76.98626696,93.5568435,30.1,46.9,53.5,94.8,2441,-4.6,-13.9,1.6,9.4,83.7,2454,5.4,-33.7,21.2,88.9,1929,-16.8,-31.2,15.8,78.8,2336,5.5,-50,,,,,,,,,,,,,,,,,,,,,,,,
"Baz, Shane",669358,2025,166.1,711,158,26,176,24.8,9,0.25,0.433,0.325,0.758,90,91,499,10,12,4.87,122,77,155,435,294,947,1771,318,0,0.233,0.377,0.33,0.305,0.31,32.3,9.5,4.1,39.4,77.84506296,94.260697,25.8,49.2,43.9,97,2456,-9.9,-12.6,1.6,3,86.7,2331,3.5,-35.6,11.4,89.3,2114,-16.7,-25.4,26.9,85,2699,7.6,-50.5,,,,,,14.7,90.2,2344,2.5,-25.6,,,,,,,,,,,,,,
"Gray, Sonny",543243,2025,180.2,753,185,25,201,26.7,5,0.262,0.424,0.302,0.726,86,93,542,14,8,4.28,121,82,132,511,280,919,1800,331,0,0.253,0.411,0.314,0.307,0.294,34.8,9.8,7.3,40.7,76.98236723,94.5187399,27.5,47.4,22.3,91.7,2500,1.4,-21.8,0.9,1.6,84.4,2620,5,-39.3,8.4,86.2,1860,-13.7,-30.1,18.4,80.2,2583,12.7,-56.8,17.4,92.4,2389,-10.6,-23.8,12.6,87.8,2680,5.1,-33.1,,,,,,,,,,,85.1,2661,14.9,-42
"Williams, Gavin",668909,2025,167.2,704,130,23,173,24.6,11.8,0.211,0.364,0.307,0.671,57,62,503,12,5,3.06,137,55,133,465,305,1123,1802,343,0,0.233,0.396,0.299,0.319,0.326,35.3,9,6.5,44.3,80.17645335,94.83009127,27.7,45.7,37.4,96.6,2307,-10.9,-14.2,1.4,,,,,,0.1,87.6,1986,-5.4,-30.7,22,82,2454,10,-54.4,6.6,95.9,2060,-15.1,-20.1,14,91.8,2286,-2.3,-25.4,,,,,,,,,,,86.5,2269,10,-37.8
"Sale, Chris",519242,2025,125.2,510,102,11,165,32.4,6.3,0.22,0.341,0.285,0.626,36,38,377,7,5,2.58,89,35,97,364,252,674,1357,269,0,0.207,0.314,0.278,0.264,0.274,36.4,6.3,4,35.4,75.45573293,93.5351905,30.1,48.9,41.9,94.8,2266,15,-21.3,2,47.3,79.1,2356,-10.5,-47,7.3,86.6,1824,16.5,-37.2,,,,,,3.4,93.8,2098,18.2,-29.6,,,,,,,,,,,,,,,,,,,
"Skubal, Tarik",669373,2025,195.1,748,141,18,241,32.2,4.4,0.2,0.319,0.24,0.559,48,55,586,13,6,2.21,109,50,102,442,465,846,2003,474,0,0.208,0.339,0.245,0.258,0.248,35.6,8.1,5.3,33,73.77099764,93.24440469,32.5,54.8,29.5,97.6,2354,3.5,-11.8,1.4,12.5,90,2233,-3.2,-28.8,31.4,88,1837,15,-28.9,2.8,81.2,2505,-4.9,-46.9,23.7,97.3,2249,13.2,-15.4,,,,,,0.1,89.3,941,14.2,-28.6,,,,,,,,,
"Gil, Luis",661563,2024,151.2,637,104,18,171,26.8,12.1,0.189,0.345,0.297,0.642,59,60,455,15,7,3.5,117,51,115,410,308,1043,1621,310,0,0.208,0.356,0.288,0.302,0.314,33.7,9.5,6.1,37.4,78.9310489,94.03493908,29,45.5,48.7,96.6,2438,-5.6,-12.2,1.6,25.9,87.5,2506,5.7,-28.9,25.3,91.6,1721,-15.1,-27.5,,,,,,0,97.7,2545,-5.2,-11.3,,,,,,,,,,,,,,,,,,,
"Nola, Aaron",605400,2024,199.1,820,189,30,197,24,6.1,0.247,0.421,0.295,0.716,79,84,598,14,8,3.57,138,79,142,541,332,1099,2090,351,0,0.244,0.388,0.31,0.3,0.294,35.4,7.2,7.4,38.2,77.26534357,94.03817405,25.2,48.6,27.7,92.5,2307,-12,-17.4,1.5,,,,,,9.6,85.7,1558,-15.3,-34,32.9,79.1,2604,14,-53.9,20.6,91.5,2240,-16.9,-24.1,9.2,87.5,2288,-1.3,-27.1,,,,,,,,,,,,,,
"Montas, Frankie",593423,2024,150.2,655,140,24,148,22.6,10.1,0.243,0.42,0.325,0.745,81,89,452,7,11,4.84,109,85,115,383,276,968,1665,285,0,0.247,0.428,0.325,0.333,0.33,36.2,9.2,7.4,43.1,77.76235797,94.5763134,24.9,48.7,33,95.6,2387,-5.1,-14.5,1.6,6.3,85.7,2556,6.7,-36.2,,,,,,,,,,,19.3,94.8,2256,-13.8,-21.2,18.8,90.3,2427,1.9,-27.5,18.3,86,1515,-9.4,-34.3,,,,,,84.9,2478,8.8,-30.7
"Flexen, Chris",623167,2024,160,707,180,24,123,17.4,8.9,0.283,0.476,0.349,0.825,88,95,480,3,15,4.95,130,83,153,429,259,1080,1717,271,1,0.258,0.438,0.355,0.334,0.327,37,8.1,7.7,37.4,77.94860802,93.93552304,22.7,46,37.1,91.3,2143,-1.6,-14.6,1.2,1.3,80.5,2563,5.7,-44.8,15.7,81.3,1319,-11.7,-31.4,12.2,72,2576,7.2,-69.1,0,91.9,2241,-10.1,-10.6,26.2,87.4,2401,7.6,-28,,,,,,,,,,,80,2601,11.9,-46
"Bradley, Taj",671737,2024,138,578,122,22,154,26.6,8.1,0.235,0.408,0.3,0.708,63,68,414,8,11,4.11,91,62,99,319,281,812,1482,292,0,0.23,0.417,0.308,0.314,0.298,34.9,10.2,9.4,42.9,81.55694255,94.76637592,27.4,50.7,41.7,96.4,2304,-5.7,-11,1.4,,,,,,,,,,,8.9,79.1,2524,6.9,-62,,,,,,22.5,90.9,2265,4.5,-27,26.9,90.9,1485,-10.7,-27.6,,,,,,,,,
